date,game_pk,source_file,side,csv_name,api_name,api_pitcher_id,reason
2024-04-03,746816,backtest_2024-04-01_to_2024-09-30_truepit.csv,away,Spencer Strider,Chris Sale,519242,name mismatch (likely starter swap / DH g2)
2024-04-03,746816,backtest_2024-04-01_to_2024-09-30_truepit.csv,home,Dominic Leone,Chad Kuhl,641771,name mismatch (likely starter swap / DH g2)
2024-04-03,745843,backtest_2024-04-01_to_2024-09-30_truepit.csv,away,Casey Mize,Matt Manning,666159,name mismatch (likely starter swap / DH g2)
2024-04-03,745843,backtest_2024-04-01_to_2024-09-30_truepit.csv,home,Adrian Houser,José Buttó,676130,name mismatch (likely starter swap / DH g2)
2024-04-07,745927,backtest_2024-04-01_to_2024-09-30_truepit.csv,away,Triston McKenzie,Joey Cantillo,676282,name mismatch (likely starter swap / DH g2)
2024-04-10,747139,backtest_2024-04-01_to_2024-09-30_truepit.csv,away,Jose Quintana,Tylor Megill,656731,name mismatch (likely starter swap / DH g2)
2024-04-10,747139,backtest_2024-04-01_to_2024-09-30_truepit.csv,home,Allan Winans,Spencer Schwellenbach,680885,name mismatch (likely starter swap / DH g2)
2024-04-11,746490,backtest_2024-04-01_to_2024-09-30_truepit.csv,away,Pablo López,Simeon Woods Richardson,680573,name mismatch (likely starter swap / DH g2)
2024-04-11,746490,backtest_2024-04-01_to_2024-09-30_truepit.csv,home,Tarik Skubal,Matt Manning,666159,name mismatch (likely starter swap / DH g2)
2024-04-11,746730,backtest_2024-04-01_to_2024-09-30_truepit.csv,away,Freddy Peralta,Colin Rea,607067,name mismatch (likely starter swap / DH g2)
2024-04-16,746809,backtest_2024-04-01_to_2024-09-30_truepit.csv,away,Brady Singer,Michael Wacha,608379,name mismatch (likely starter swap / DH g2)
2024-04-16,746809,backtest_2024-04-01_to_2024-09-30_truepit.csv,home,Jonathan Cannon,Erick Fedde,607200,name mismatch (likely starter swap / DH g2)
2024-04-18,746891,backtest_2024-04-01_to_2024-09-30_truepit.csv,away,A.J. Puk,Roddery Muñoz,682610,name mismatch (likely starter swap / DH g2)
2024-04-18,746891,backtest_2024-04-01_to_2024-09-30_truepit.csv,home,Jameson Taillon,Shota Imanaga,684007,name mismatch (likely starter swap / DH g2)
2024-04-19,746572,backtest_2024-04-01_to_2024-09-30_truepit.csv,home,Dakota Hudson,Peter Lambert,663567,name mismatch (likely starter swap / DH g2)
2024-04-29,746481,backtest_2024-04-01_to_2024-09-30_truepit.csv,home,Kenta Maeda,Matt Manning,666159,name mismatch (likely starter swap / DH g2)
2024-05-08,745184,backtest_2024-04-01_to_2024-09-30_truepit.csv,away,Jose Quintana,Sean Manaea,640455,name mismatch (likely starter swap / DH g2)
2024-05-08,745184,backtest_2024-04-01_to_2024-09-30_truepit.csv,home,Sonny Gray,Andre Pallante,669467,name mismatch (likely starter swap / DH g2)
2024-05-13,746799,backtest_2024-04-01_to_2024-09-30_truepit.csv,away,Trevor Williams,Mitchell Parker,680730,name mismatch (likely starter swap / DH g2)
2024-05-13,746799,backtest_2024-04-01_to_2024-09-30_truepit.csv,home,Chris Flexen,Erick Fedde,607200,name mismatch (likely starter swap / DH g2)
2024-05-14,747039,backtest_2024-04-01_to_2024-09-30_truepit.csv,away,Chris Bassitt,Bowden Francis,670102,name mismatch (likely starter swap / DH g2)
2024-05-14,747039,backtest_2024-04-01_to_2024-09-30_truepit.csv,home,Kyle Bradish,Cade Povich,700249,name mismatch (likely starter swap / DH g2)
2024-05-18,747121,backtest_2024-04-01_to_2024-09-30_truepit.csv,away,Yu Darvish,Randy Vásquez,681190,name mismatch (likely starter swap / DH g2)
2024-05-18,747121,backtest_2024-04-01_to_2024-09-30_truepit.csv,home,Bryce Elder,Chris Sale,519242,name mismatch (likely starter swap / DH g2)
2024-05-24,745175,backtest_2024-04-01_to_2024-09-30_truepit.csv,away,Shota Imanaga,Javier Assad,665871,name mismatch (likely starter swap / DH g2)
2024-05-24,745175,backtest_2024-04-01_to_2024-09-30_truepit.csv,home,Miles Mikolas,Kyle Gibson,502043,name mismatch (likely starter swap / DH g2)
2024-05-27,745816,backtest_2024-04-01_to_2024-09-30_truepit.csv,home,Tylor Megill,Jose Quintana,500779,name mismatch (likely starter swap / DH g2)
2024-05-28,746468,backtest_2024-04-01_to_2024-09-30_truepit.csv,away,Jared Jones,Paul Skenes,694973,name mismatch (likely starter swap / DH g2)
2024-05-28,746468,backtest_2024-04-01_to_2024-09-30_truepit.csv,home,Tarik Skubal,Keider Montero,672456,name mismatch (likely starter swap / DH g2)
2024-06-05,746628,backtest_2024-04-01_to_2024-09-30_truepit.csv,away,Brady Singer,Cole Ragans,666142,name mismatch (likely starter swap / DH g2)
2024-06-15,745891,backtest_2024-04-01_to_2024-09-30_truepit.csv,home,Bailey Ober,Chris Paddack,663978,name mismatch (likely starter swap / DH g2)
2024-07-09,745155,backtest_2024-04-01_to_2024-09-30_truepit.csv,away,Michael Wacha,Alec Marsh,679525,name mismatch (likely starter swap / DH g2)
2024-07-09,746773,backtest_2024-04-01_to_2024-09-30_truepit.csv,away,Bailey Ober,Pablo López,641154,name mismatch (likely starter swap / DH g2)
2024-07-09,746773,backtest_2024-04-01_to_2024-09-30_truepit.csv,home,Erick Fedde,Drew Thorpe,689672,name mismatch (likely starter swap / DH g2)
2024-07-19,747093,backtest_2024-04-01_to_2024-09-30_truepit.csv,away,Sonny Gray,Kyle Gibson,502043,name mismatch (likely starter swap / DH g2)
2024-07-19,747093,backtest_2024-04-01_to_2024-09-30_truepit.csv,home,Spencer Schwellenbach,Charlie Morton,450203,name mismatch (likely starter swap / DH g2)
2024-07-23,747090,backtest_2024-04-01_to_2024-09-30_truepit.csv,home,Chris Sale,Charlie Morton,450203,name mismatch (likely starter swap / DH g2)
2024-07-24,747090,backtest_2024-04-01_to_2024-09-30_truepit.csv,home,Chris Sale,Charlie Morton,450203,name mismatch (likely starter swap / DH g2)
2024-08-06,746602,backtest_2024-04-01_to_2024-09-30_truepit.csv,home,Ben Lively,Carlos Carrasco,471911,name mismatch (likely starter swap / DH g2)
2024-08-06,745713,backtest_2024-04-01_to_2024-09-30_truepit.csv,away,Davis Daniel,Carson Fulmer,608334,name mismatch (likely starter swap / DH g2)
2024-08-06,745713,backtest_2024-04-01_to_2024-09-30_truepit.csv,home,Luis Gil,Will Warren,701542,name mismatch (likely starter swap / DH g2)
2024-08-09,745708,backtest_2024-04-01_to_2024-09-30_truepit.csv,home,Carlos Rodón,Gerrit Cole,543037,name mismatch (likely starter swap / DH g2)
2024-09-21,746906,backtest_2024-04-01_to_2024-09-30_truepit.csv,away,Pablo López,Zebby Matthews,805673,name mismatch (likely starter swap / DH g2)
2024-09-25,747064,backtest_2024-04-01_to_2024-09-30_truepit.csv,away,David Peterson,Joey Lucchesi,664192,name mismatch (likely starter swap / DH g2)
2024-09-25,747064,backtest_2024-04-01_to_2024-09-30_truepit.csv,home,Chris Sale,Grant Holmes,656550,name mismatch (likely starter swap / DH g2)
2024-09-26,747139,backtest_2024-04-01_to_2024-09-30_truepit.csv,away,Sean Manaea,Tylor Megill,656731,name mismatch (likely starter swap / DH g2)
2024-09-26,747139,backtest_2024-04-01_to_2024-09-30_truepit.csv,home,Max Fried,Spencer Schwellenbach,680885,name mismatch (likely starter swap / DH g2)
2025-04-05,778443,backtest_2025-04-01_to_2025-09-30_truepit.csv,home,Richard Fitts,Sean Newcomb,656794,name mismatch (likely starter swap / DH g2)
2025-04-06,778431,backtest_2025-04-01_to_2025-09-30_truepit.csv,away,Sandy Alcantara,Ryan Gusto,687473,name mismatch (likely starter swap / DH g2)
2025-04-06,778431,backtest_2025-04-01_to_2025-09-30_truepit.csv,home,Grant Holmes,Hurston Waldrep,694462,name mismatch (likely starter swap / DH g2)
2025-04-11,778372,backtest_2025-04-01_to_2025-09-30_truepit.csv,away,Bowden Francis,Easton Lucas,687922,name mismatch (likely starter swap / DH g2)
2025-04-11,778372,backtest_2025-04-01_to_2025-09-30_truepit.csv,home,Tomoyuki Sugano,Charlie Morton,450203,name mismatch (likely starter swap / DH g2)
2025-04-18,778266,backtest_2025-04-01_to_2025-09-30_truepit.csv,away,MacKenzie Gore,Brad Lord,695418,name mismatch (likely starter swap / DH g2)
2025-04-18,778266,backtest_2025-04-01_to_2025-09-30_truepit.csv,home,Chase Dollander,Antonio Senzatela,622608,name mismatch (likely starter swap / DH g2)
2025-04-23,778195,backtest_2025-04-01_to_2025-09-30_truepit.csv,away,Germán Márquez,Chase Dollander,801403,name mismatch (likely starter swap / DH g2)
2025-04-25,778180,backtest_2025-04-01_to_2025-09-30_truepit.csv,away,Brandon Young,Keegan Akin,669211,name mismatch (likely starter swap / DH g2)
2025-04-25,778180,backtest_2025-04-01_to_2025-09-30_truepit.csv,home,Casey Mize,Keider Montero,672456,name mismatch (likely starter swap / DH g2)
2025-04-26,778170,backtest_2025-04-01_to_2025-09-30_truepit.csv,away,Kevin Gausman,Chris Bassitt,605135,name mismatch (likely starter swap / DH g2)
2025-04-26,778170,backtest_2025-04-01_to_2025-09-30_truepit.csv,home,Max Fried,Clarke Schmidt,657376,name mismatch (likely starter swap / DH g2)
2025-05-03,778068,backtest_2025-04-01_to_2025-09-30_truepit.csv,home,Erick Fedde,Andre Pallante,669467,name mismatch (likely starter swap / DH g2)
2025-05-05,778046,backtest_2025-04-01_to_2025-09-30_truepit.csv,away,Luis Ortiz,Ben Lively,594902,name mismatch (likely starter swap / DH g2)
2025-05-05,778046,backtest_2025-04-01_to_2025-09-30_truepit.csv,home,Jake Irvin,Brad Lord,695418,name mismatch (likely starter swap / DH g2)
2025-05-06,778029,backtest_2025-04-01_to_2025-09-30_truepit.csv,away,Jackson Jobe,Keider Montero,672456,name mismatch (likely starter swap / DH g2)
2025-05-06,778029,backtest_2025-04-01_to_2025-09-30_truepit.csv,home,Chase Dollander,Tanner Gordon,685299,name mismatch (likely starter swap / DH g2)
2025-05-13,777938,backtest_2025-04-01_to_2025-09-30_truepit.csv,home,Cade Povich,Chayce McDermott,694646,name mismatch (likely starter swap / DH g2)
2025-05-13,777933,backtest_2025-04-01_to_2025-09-30_truepit.csv,home,Jesús Luzardo,Aaron Nola,605400,name mismatch (likely starter swap / DH g2)
2025-05-20,777839,backtest_2025-04-01_to_2025-09-30_truepit.csv,away,Gavin Williams,Slade Cecconi,677944,name mismatch (likely starter swap / DH g2)
2025-05-20,777839,backtest_2025-04-01_to_2025-09-30_truepit.csv,home,Chris Paddack,Joe Ryan,657746,name mismatch (likely starter swap / DH g2)
2025-05-21,777825,backtest_2025-04-01_to_2025-09-30_truepit.csv,away,AJ Smith-Shawver,José Suarez,660761,name mismatch (likely starter swap / DH g2)
2025-05-21,777825,backtest_2025-04-01_to_2025-09-30_truepit.csv,home,Trevor Williams,Jake Irvin,663623,name mismatch (likely starter swap / DH g2)
2025-05-22,777815,backtest_2025-04-01_to_2025-09-30_truepit.csv,home,Lucas Giolito,Brayan Bello,678394,name mismatch (likely starter swap / DH g2)
2025-05-28,777735,backtest_2025-04-01_to_2025-09-30_truepit.csv,home,Zack Wheeler,Cristopher Sánchez,650911,name mismatch (likely starter swap / DH g2)
2025-06-18,777464,backtest_2025-04-01_to_2025-09-30_truepit.csv,away,Andrew Heaney,Paul Skenes,694973,name mismatch (likely starter swap / DH g2)
2025-06-18,777464,backtest_2025-04-01_to_2025-09-30_truepit.csv,home,Tarik Skubal,Tyler Holton,663947,name mismatch (likely starter swap / DH g2)
2025-06-18,777458,backtest_2025-04-01_to_2025-09-30_truepit.csv,away,Sonny Gray,Michael McGreevy,700241,name mismatch (likely starter swap / DH g2)
2025-06-18,777458,backtest_2025-04-01_to_2025-09-30_truepit.csv,home,Sean Burke,Mike Vasil,678024,name mismatch (likely starter swap / DH g2)
2025-06-18,777459,backtest_2025-04-01_to_2025-09-30_truepit.csv,away,Jacob Misiorowski,Freddy Peralta,642547,name mismatch (likely starter swap / DH g2)
2025-06-18,777459,backtest_2025-04-01_to_2025-09-30_truepit.csv,home,Jameson Taillon,Cade Horton,690990,name mismatch (likely starter swap / DH g2)
2025-07-01,777290,backtest_2025-04-01_to_2025-09-30_truepit.csv,away,Nick Pivetta,Dylan Cease,656302,name mismatch (likely starter swap / DH g2)
2025-07-01,777284,backtest_2025-04-01_to_2025-09-30_truepit.csv,away,Jack Flaherty,Tyler Holton,663947,name mismatch (likely starter swap / DH g2)
2025-07-09,777181,backtest_2025-04-01_to_2025-09-30_truepit.csv,away,David Peterson,Brandon Waddell,663399,name mismatch (likely starter swap / DH g2)
2025-07-10,777164,backtest_2025-04-01_to_2025-09-30_truepit.csv,home,Jonathan Cannon,Shane Smith,681343,name mismatch (likely starter swap / DH g2)
