season,date,game_pk,away,home,event_id,commence_time,snapshot_ts,book,over_price,under_price,n_books_0_5,cons_over_devig,fanduel_over_devig,nrfi_prob,fi_total_runs
2024,2024-04-03,745114,TEX,TB,da857f00cb74498be88b4daa73db5d3e,2024-04-03T17:10:00Z,2024-04-03T16:05:39Z,betrivers,-103,-121,2,0.480983,,0.4362,0
2024,2024-04-04,745843,DET,NYM,30fedc88c1ed0360b045b27ca467bfed,2024-04-04T19:10:00Z,2024-04-04T18:05:39Z,betrivers,110,-143,2,0.447267,,0.445,0
2024,2024-04-05,744874,PHI,WSH,42debdb9997cebde12f45883a20d6ca1,2024-04-05T22:45:00Z,2024-04-05T21:40:39Z,betrivers,-104,-120,2,0.483108,,0.4155,0
2024,2024-04-05,745361,SD,SF,8dcde6b42ba9bb780d7db91a5b4a74ab,2024-04-05T20:35:00Z,2024-04-05T19:30:39Z,betrivers,108,-134,2,0.456389,,0.445,2
2024,2024-04-06,745766,TOR,NYY,a21e184a6b7ef6f711f024b57d1cf23a,2024-04-06T23:05:00Z,2024-04-06T22:00:39Z,betrivers,110,-136,2,0.452454,,0.4439,3
2024,2024-04-06,746248,BOS,LAA,69f52e59e32e9b64e273a9b29d10d43e,2024-04-07T01:38:00Z,2024-04-07T00:35:38Z,betrivers,106,-132,2,0.460391,,0.4363,0
2024,2024-04-08,745363,WSH,SF,39fb014f345a723482084e5aca2bc5d4,2024-04-09T01:45:00Z,2024-04-09T00:40:39Z,betrivers,112,-141,2,0.446362,,0.4314,1
2024,2024-04-09,745433,CHC,SD,849a38192c6d00e8053d1606cacbca64,2024-04-10T02:05:00Z,2024-04-10T01:00:39Z,betrivers,100,-125,2,0.473684,,0.4377,0
2024,2024-04-11,746322,HOU,KC,db25eb58453fb3e3479444a20c68faa0,2024-04-11T18:10:00Z,2024-04-11T17:05:40Z,betrivers,-113,-110,2,0.503181,,0.4363,9
2024,2024-04-12,745679,WSH,OAK,92d6e78773fa698c470c5b1c195a2064,2024-04-13T01:40:00Z,2024-04-13T00:35:40Z,betrivers,100,-125,2,0.473684,,0.4207,0
2024,2024-04-13,745594,PIT,PHI,619a15be376da5bd0fb94f624b9c79c8,2024-04-13T20:05:00Z,2024-04-13T19:00:38Z,betrivers,-120,-106,2,0.514571,,0.427,3
2024,2024-04-13,745676,WSH,OAK,f1638efa633c089b3c818a9c3b9f887e,2024-04-13T20:07:00Z,2024-04-13T19:05:39Z,betrivers,112,-139,2,0.447834,,0.4448,0
2024,2024-04-13,746811,CIN,CWS,684154ee8debfa39b5b6af5484850aff,2024-04-13T18:10:00Z,2024-04-13T17:05:38Z,betrivers,-103,-124,2,0.478236,,0.449,0
2024,2024-04-16,745108,LAA,TB,cc1c334f0ee535547b4ac22f5545edd8,2024-04-16T22:50:00Z,2024-04-16T21:45:39Z,betrivers,100,-124,2,0.474576,,0.4242,0
2024,2024-04-16,745593,COL,PHI,730922dbfd8595951b56e22f75b70167,2024-04-16T22:40:00Z,2024-04-16T21:35:39Z,betrivers,-109,-113,2,0.495730,,0.4391,2
2024,2024-04-16,745674,STL,OAK,a15863d1d0f34af5de7b752730ef06c3,2024-04-17T01:40:00Z,2024-04-17T00:35:38Z,betrivers,102,-127,2,0.469454,,0.4268,0
2024,2024-04-17,744948,NYY,TOR,fd824ad54f6b427bda957e5114506017,2024-04-17T19:07:00Z,2024-04-17T18:05:39Z,betrivers,-108,-115,2,0.492575,,0.4274,0
2024,2024-04-17,745105,LAA,TB,e79f673c076af4448406135b294337ee,2024-04-17T22:50:00Z,2024-04-17T21:45:39Z,superbook,-110,-120,1,0.489879,,0.4247,1
2024,2024-04-17,746159,WSH,LAD,798b13136747a072782866d419886918,2024-04-17T19:10:00Z,2024-04-17T18:05:39Z,superbook,-135,105,1,0.540791,,0.4131,2
2024,2024-04-17,746807,KC,CWS,f2b656300bb22dafc02b85e60af9bbeb,2024-04-17T21:10:00Z,2024-04-17T20:05:39Z,betrivers,-115,-108,2,0.507425,,0.4166,0
2024,2024-04-17,746809,KC,CWS,f2b656300bb22dafc02b85e60af9bbeb,2024-04-17T21:10:00Z,2024-04-17T20:05:39Z,betrivers,-115,-108,2,0.507425,,0.4172,0
2024,2024-04-17,746973,CLE,BOS,8e74b7350621a51bcfc64e5831943917,2024-04-17T23:10:00Z,2024-04-17T22:05:39Z,superbook,-110,-120,1,0.489879,,0.4219,0
2024,2024-04-19,746160,NYM,LAD,b09bf591c9a8d2bf46757f27dd978e18,2024-04-20T02:10:00Z,2024-04-20T01:05:39Z,betrivers,-114,-109,3,0.500161,,0.4244,0
2024,2024-04-19,746892,MIA,CHC,557065ecc9dde9994e74019746d808d0,2024-04-19T18:20:00Z,2024-04-19T17:15:40Z,superbook,-135,105,1,0.540791,,0.4368,2
2024,2024-04-20,745190,MIL,STL,3ea81b4c9eb31d21c54ed3249269baea,2024-04-20T18:15:00Z,2024-04-20T17:10:38Z,superbook,-110,-120,1,0.489879,,0.4266,3
2024,2024-04-20,745431,TOR,SD,c06d629bc0838e8b6c2b46d02883375d,2024-04-21T00:40:00Z,2024-04-20T23:35:38Z,betrivers,100,-125,2,0.473684,,0.4401,3
2024,2024-04-20,745760,TB,NYY,b45689ee81ec2f8398cdbf1ef62c752a,2024-04-20T17:05:00Z,2024-04-20T16:00:38Z,superbook,-110,-120,1,0.489879,,0.4283,0
2024,2024-04-20,747135,TEX,ATL,76327ab0263aa7e74a2ee020f590995e,2024-04-20T23:20:00Z,2024-04-20T22:15:38Z,betrivers,-124,100,3,0.523717,,0.4366,0
2024,2024-04-21,744866,HOU,WSH,005e11b769d614def43922c7da63a102,2024-04-21T17:35:00Z,2024-04-21T16:30:38Z,superbook,-115,-115,1,0.500000,,0.4386,3
2024,2024-04-21,746154,NYM,LAD,38fd2f47517ea3e9ba12544a5a8eabb6,2024-04-21T20:10:00Z,2024-04-21T19:05:38Z,betrivers,-124,-105,3,0.519709,,0.4386,0
2024,2024-04-21,746568,SEA,COL,ccbf2c9c4a3bd010e78958e6aacb76f6,2024-04-22T00:10:00Z,2024-04-21T23:05:38Z,betrivers,-134,108,2,0.543611,,0.4423,0
2024,2024-04-21,746572,SEA,COL,ccbf2c9c4a3bd010e78958e6aacb76f6,2024-04-22T00:10:00Z,2024-04-21T23:05:38Z,betrivers,-134,108,2,0.543611,,0.4446,2
2024,2024-04-21,746727,LAA,CIN,82a1e5569fe474eba3edbcda111add27,2024-04-21T17:40:00Z,2024-04-21T16:35:38Z,betrivers,-114,-109,3,0.510303,,0.4214,0
2024,2024-04-22,745191,ARI,STL,e1eafb8d9e5ab04c0a6e852a3ad72c3f,2024-04-22T23:45:00Z,2024-04-22T22:40:39Z,superbook,-115,-115,1,0.500000,,0.4363,0
2024,2024-04-22,745351,NYM,SF,df6d58d2d972646454db7798a9eed23a,2024-04-23T01:45:00Z,2024-04-23T00:40:39Z,betrivers,-103,-122,3,0.483330,,0.4478,0
2024,2024-04-23,744863,LAD,WSH,25873031761f7c87c9a734612ee988ac,2024-04-23T22:45:00Z,2024-04-23T21:40:39Z,superbook,-130,100,1,0.530612,,0.4308,0
2024,2024-04-23,745102,DET,TB,6175272ab9830fdb19e1b23da9797bfc,2024-04-23T22:50:00Z,2024-04-23T21:45:40Z,betrivers,-104,-121,3,0.477908,,0.4464,0
2024,2024-04-23,745754,OAK,NYY,f321366cb3519be3a919e556ad88059f,2024-04-23T23:05:00Z,2024-04-23T22:00:39Z,betrivers,104,-129,3,0.466660,,0.4466,5
2024,2024-04-23,746246,BAL,LAA,38a02d8367d69188f18189cb8303ce57,2024-04-24T01:38:00Z,2024-04-24T00:35:39Z,superbook,-110,-120,1,0.489879,,0.4301,1
2024,2024-04-23,746566,SD,COL,a15c940b75fa8a25d1c96f7bfae8da81,2024-04-24T00:40:00Z,2024-04-23T23:35:39Z,superbook,-125,-105,1,0.520305,,0.421,2
2024,2024-04-23,747130,MIA,ATL,5d932c935739a56890ad05cdafada8bc,2024-04-23T23:20:00Z,2024-04-23T22:15:39Z,superbook,-115,-115,1,0.500000,,0.4426,0
2024,2024-04-24,745346,NYM,SF,2ab9f108c2b67ed41bce283b9cca4bb4,2024-04-24T19:45:00Z,2024-04-24T18:40:39Z,betrivers,116,-143,2,0.440313,,0.438,0
2024,2024-04-24,746567,SD,COL,24dcc7c4957937205f8f8882e58c14ba,2024-04-25T00:40:00Z,2024-04-24T23:35:39Z,betrivers,-143,115,3,0.560135,,0.4139,4
2024,2024-04-25,746646,BOS,CLE,f66aa4a068c28db4821d58247df4de1a,2024-04-25T17:10:00Z,2024-04-25T16:05:39Z,betrivers,105,-129,3,0.465849,,0.4153,0
2024,2024-04-26,745424,PHI,SD,b1517294dc1f8022c490fed05792b95b,2024-04-27T01:40:00Z,2024-04-27T00:35:40Z,betrivers,100,-122,3,0.487637,,0.4427,2
2024,2024-04-26,745835,STL,NYM,05c75bc4adc2f4c767753deb5d813daf,2024-04-26T23:10:00Z,2024-04-26T22:05:39Z,betrivers,106,-132,2,0.460391,,0.428,0
2024,2024-04-26,747129,CLE,ATL,bdda801761be8a55f158594b2a4f0155,2024-04-26T23:20:00Z,2024-04-26T22:15:39Z,betrivers,-113,-112,3,0.500697,,0.4345,1
2024,2024-04-27,746484,KC,DET,27bca0fd164013a5de6c6372f7533c84,2024-04-27T22:10:00Z,2024-04-27T21:05:39Z,betrivers,-105,-118,3,0.484028,,0.4431,2
2024,2024-04-27,746803,TB,CWS,a397f025d6903a825db9be4dfd327d15,2024-04-27T23:10:00Z,2024-04-27T22:05:39Z,superbook,-115,-115,1,0.500000,,0.4204,0
2024,2024-04-27,746971,CHC,BOS,8d1cf070854a4e6d4a9d36b27345edca,2024-04-27T20:10:00Z,2024-04-27T19:05:39Z,betrivers,-109,-113,3,0.500527,,0.4313,2
2024,2024-04-27,747131,CLE,ATL,a3684ad8743b588be0e7f6a869ab4d04,2024-04-27T23:20:00Z,2024-04-27T22:15:38Z,superbook,-115,-115,1,0.500000,,0.4382,0
2024,2024-04-28,744947,LAD,TOR,a3fa5d7de75c20ca726752de151afdcb,2024-04-28T17:37:00Z,2024-04-28T16:35:38Z,betrivers,-112,-112,3,0.493232,,0.4153,0
2024,2024-04-28,745428,PHI,SD,cc2e43ae2f1eb0a88ada58db941f6bcc,2024-04-28T20:10:00Z,2024-04-28T19:05:38Z,superbook,-120,-110,1,0.510121,,0.4324,0
2024,2024-04-28,746077,WSH,MIA,a7dd725d6027c0243fdf478964e68755,2024-04-28T17:40:00Z,2024-04-28T16:35:38Z,superbook,-115,-115,1,0.500000,,0.4389,6
2024,2024-04-28,746805,TB,CWS,1b2ec4ace33a165dc62ccc9a9d77a41f,2024-04-28T18:10:00Z,2024-04-28T17:05:38Z,superbook,-120,-110,1,0.510121,,0.4204,0
2024,2024-04-30,746073,COL,MIA,6e7cd4dec18df8b0cf53bfe60bb73de8,2024-04-30T22:40:00Z,2024-04-30T21:35:39Z,betrivers,102,-125,2,0.471204,,0.4143,5
2024,2024-04-30,746239,PHI,LAA,d3794c14089d8a6076ab67c7e80a20d8,2024-05-01T01:38:00Z,2024-05-01T00:35:39Z,superbook,-105,-125,1,0.479695,,0.4343,0
2024,2024-04-30,746398,CLE,HOU,bc09825bb8e6f0f82458540ad554cc7a,2024-05-01T00:10:00Z,2024-04-30T23:05:40Z,superbook,-125,-105,1,0.520305,,0.4162,3
2024,2024-04-30,746968,SF,BOS,a9533d57587d7f36d35f93840e7cfcf0,2024-04-30T23:10:00Z,2024-04-30T22:05:39Z,betrivers,-106,-118,3,0.484796,,0.4386,1
2024,2024-05-01,745423,CIN,SD,6ec5e0fd3f9451597597f20a4d5d22c4,2024-05-01T20:10:00Z,2024-05-01T19:05:39Z,betrivers,108,-136,3,0.456287,,0.4358,1
2024,2024-05-03,745101,NYM,TB,d03a24a144444d11aa3d15d9d32f8d63,2024-05-03T22:50:00Z,2024-05-03T21:45:39Z,superbook,-125,-105,1,0.520305,,0.42,0
2024,2024-05-03,745665,MIA,OAK,372a74efa17f9cbb0fd06a7bcd5fda74,2024-05-04T01:40:00Z,2024-05-04T00:35:40Z,betrivers,108,-136,3,0.463116,,0.4176,0
2024,2024-05-03,746152,ATL,LAD,9cd4bb742369669fe5d9ad6247bae310,2024-05-04T02:10:00Z,2024-05-04T01:05:40Z,betrivers,-125,100,3,0.520918,,0.4388,1
2024,2024-05-04,745100,NYM,TB,8d4ff01dca86219feab3b571bcd4ad10,2024-05-04T23:15:00Z,2024-05-04T22:10:38Z,betrivers,100,-124,3,0.469454,,0.4452,2
2024,2024-05-04,745666,MIA,OAK,28376623ad95b9cc4b68ba477da7767e,2024-05-04T20:07:00Z,2024-05-04T19:05:38Z,betrivers,117,-148,3,0.436047,,0.4232,0
2024,2024-05-04,746155,ATL,LAD,043d2796bceea093479f39ad300086fa,2024-05-05T01:10:00Z,2024-05-05T00:05:39Z,betrivers,-112,-113,3,0.495929,,0.4327,0
2024,2024-05-06,745098,CWS,TB,b81460671eafea8d6133d6e4367eaf2a,2024-05-06T22:50:00Z,2024-05-06T21:45:38Z,superbook,-105,-125,1,0.479695,,0.4384,0
2024,2024-05-07,745586,TOR,PHI,bd0716c76668bea748b292c3b1e29ebd,2024-05-07T22:40:00Z,2024-05-07T21:35:39Z,superbook,100,-130,1,0.469388,,0.4323,1
2024,2024-05-07,745668,TEX,OAK,616ae5495d17da97eed51d4be19401fa,2024-05-07T19:37:00Z,2024-05-07T18:35:38Z,superbook,-105,-125,1,0.479695,,0.4152,1
2024,2024-05-07,746147,MIA,LAD,dea5eb10e844e64160bba440b2fc3d9a,2024-05-08T02:10:00Z,2024-05-08T01:05:39Z,superbook,100,-130,1,0.469388,,0.4205,5
2024,2024-05-07,746315,MIL,KC,6c3c34a8b12c727a10efdd3b3f7d2f0c,2024-05-07T23:40:00Z,2024-05-07T22:35:39Z,superbook,-125,-105,1,0.520305,,0.4451,0
2024,2024-05-07,746718,ARI,CIN,0c256ee8615c7a388fda3fe5c8c011bd,2024-05-07T22:40:00Z,2024-05-07T21:35:39Z,superbook,-115,-115,1,0.500000,,0.4188,0
2024,2024-05-08,746151,MIA,LAD,a26927981ad17987afa07ef2e4c59160,2024-05-08T19:11:00Z,2024-05-08T18:10:39Z,betrivers,-136,106,3,0.545372,,0.4396,1
2024,2024-05-09,745748,HOU,NYY,e110e66cccb0c94f933832ba0c61349c,2024-05-09T21:05:00Z,2024-05-09T20:00:38Z,superbook,-120,-110,1,0.510121,,0.4308,3
2024,2024-05-10,745094,NYY,TB,155349408533b244908eb1d2c5624ced,2024-05-10T22:50:00Z,2024-05-10T21:45:39Z,betrivers,-109,-114,3,0.489697,,0.4184,0
2024,2024-05-10,745340,CIN,SF,ea3186bcbeca6404f3fc5994fee9367c,2024-05-11T02:15:00Z,2024-05-11T01:10:38Z,betrivers,130,-162,3,0.420799,,0.4162,2
2024,2024-05-10,746240,KC,LAA,91f90c8b6d102372de12a87a24880339,2024-05-11T01:38:00Z,2024-05-11T00:35:39Z,betrivers,-117,-107,3,0.507027,,0.4186,0
2024,2024-05-10,746479,HOU,DET,eb66a5b54572b91ba201a50b17a0336e,2024-05-10T22:40:00Z,2024-05-10T21:35:38Z,betrivers,104,-129,3,0.470096,,0.4401,0
2024,2024-05-10,746801,CLE,CWS,fa72a34b3dd073d2b6a235a1d69a539c,2024-05-10T23:40:00Z,2024-05-10T22:35:39Z,betrivers,100,-124,3,0.476283,,0.4496,0
2024,2024-05-10,746964,WSH,BOS,8db45f2c5e9f00557048605877d363eb,2024-05-10T23:10:00Z,2024-05-10T22:05:39Z,superbook,-110,-120,1,0.489879,,0.4273,0
2024,2024-05-11,745422,LAD,SD,2cf9370ce453f4545e41326c55f9f160,2024-05-12T00:40:00Z,2024-05-11T23:35:38Z,superbook,-140,110,1,0.550562,,0.4444,1
2024,2024-05-11,746069,PHI,MIA,a1f2e12c58b618ea9a55d32b70af583a,2024-05-11T20:10:00Z,2024-05-11T19:05:38Z,betrivers,-104,-121,3,0.481344,,0.4247,0
2024,2024-05-11,746554,TEX,COL,963c5b9ca0f5b05f3f8582580b33323d,2024-05-12T00:10:00Z,2024-05-11T23:05:38Z,superbook,-120,-110,1,0.510121,,0.4208,0
2024,2024-05-11,746797,CLE,CWS,233da9a39280b527667f0cfc48f17c85,2024-05-11T23:10:00Z,2024-05-11T22:05:38Z,betrivers,-104,-121,3,0.477908,,0.4254,0
2024,2024-05-12,745092,NYY,TB,09984e7be898979e40ce7d55820ecafd,2024-05-12T17:40:00Z,2024-05-12T16:35:38Z,betrivers,-122,-103,3,0.516670,,0.4321,1
2024,2024-05-12,745345,CIN,SF,7671d98d9352533b831205aaf4cbe2e2,2024-05-12T20:05:00Z,2024-05-12T19:00:37Z,betrivers,106,-132,3,0.456740,,0.4366,3
2024,2024-05-12,745499,CHC,PIT,73e7ac1d0b84afaabe7e591792c02dbf,2024-05-12T17:35:00Z,2024-05-12T16:30:38Z,superbook,-110,-120,1,0.489879,,0.4165,2
2024,2024-05-13,745343,LAD,SF,ba9ef91a83ae9aa0cd10ddbb38caf9ba,2024-05-14T01:45:00Z,2024-05-14T00:40:38Z,betrivers,105,-132,3,0.460803,,0.4442,1
2024,2024-05-13,745826,PHI,NYM,ba4f02b1d9a7edb34b0c0d8fbead1a7e,2024-05-13T23:10:00Z,2024-05-13T22:05:38Z,betrivers,107,-134,3,0.450617,,0.4432,0
2024,2024-05-13,746471,MIA,DET,7b676c4e3ebeb03dae670e48cc9f983a,2024-05-13T22:40:00Z,2024-05-13T21:35:38Z,superbook,-120,-110,1,0.510121,,0.4197,0
2024,2024-05-13,747204,CIN,ARI,af68c482c4ea9a121ad9d9013db88e2a,2024-05-14T01:40:00Z,2024-05-14T00:35:38Z,superbook,-110,-120,1,0.489879,,0.4201,0
2024,2024-05-14,745342,LAD,SF,1b137d4decb2576400c7492276222534,2024-05-15T01:45:00Z,2024-05-15T00:40:39Z,betrivers,-108,-115,3,0.488282,,0.4141,0
2024,2024-05-14,746796,WSH,CWS,01862379c040252f61017b5abfb863f6,2024-05-14T23:40:00Z,2024-05-14T22:35:39Z,betrivers,115,-143,2,0.441457,,0.4344,0
2024,2024-05-14,746799,WSH,CWS,01862379c040252f61017b5abfb863f6,2024-05-14T23:40:00Z,2024-05-14T22:35:39Z,betrivers,115,-143,2,0.441457,,0.4462,0
2024,2024-05-14,746962,TB,BOS,82ab1b7371834c3970e22640b357972c,2024-05-14T23:10:00Z,2024-05-14T22:05:39Z,betrivers,-114,-110,3,0.502808,,0.4199,1
2024,2024-05-15,746231,STL,LAA,43488a8a8801630ce77758801532d3a4,2024-05-16T01:07:00Z,2024-05-16T00:05:38Z,betrivers,104,-129,3,0.473490,,0.4381,4
2024,2024-05-15,747123,CHC,ATL,85dad128f74a1eb778ba836481833406,2024-05-15T23:20:00Z,2024-05-15T22:15:39Z,superbook,-115,-115,1,0.500000,,0.432,3
2024,2024-05-16,745580,NYM,PHI,8aef614d6637051c9d8a7819aacdce0c,2024-05-16T22:40:00Z,2024-05-16T21:35:39Z,superbook,-110,-120,1,0.489879,,0.4172,1
2024,2024-05-16,746150,CIN,LAD,6bb4ca7b9c2f74c3a72b1e6591a205ae,2024-05-17T02:10:00Z,2024-05-17T01:05:39Z,betrivers,108,-136,3,0.459680,,0.4384,2
2024,2024-05-16,746959,TB,BOS,999a0ef1d17b92dd1eb79fcbbff311c8,2024-05-16T23:10:00Z,2024-05-16T22:05:39Z,betrivers,-108,-115,3,0.484846,,0.4438,0
2024,2024-05-17,745335,COL,SF,a635f5b45786b6a4fc42db3e1acf0c89,2024-05-18T02:15:00Z,2024-05-18T01:10:39Z,betrivers,105,-130,3,0.458641,,0.4159,4
2024,2024-05-19,746144,CIN,LAD,6c4ab4eb18780705817177822fe45fa9,2024-05-19T20:10:00Z,2024-05-19T19:05:37Z,betrivers,-106,-118,3,0.488190,,0.4417,0
2024,2024-05-19,747198,DET,ARI,f494a80eecf43770676ec48c3e81a410,2024-05-19T20:10:00Z,2024-05-19T19:05:37Z,superbook,-115,-115,1,0.500000,,0.4255,2
2024,2024-05-21,745090,BOS,TB,6f7fb17fd43cc243724f312e42c5b2fc,2024-05-21T22:50:00Z,2024-05-21T21:45:38Z,superbook,-115,-115,1,0.500000,,0.4436,2
2024,2024-05-21,745503,SF,PIT,c76d10809cc04da8ef542c784cdac107,2024-05-21T22:40:00Z,2024-05-21T21:35:38Z,betrivers,-109,-114,3,0.496465,,0.442,2
2024,2024-05-21,746716,SD,CIN,af4f2b5b0c8576c86642cae843356e21,2024-05-21T22:40:00Z,2024-05-21T21:35:38Z,superbook,-125,-105,1,0.520305,,0.4453,0
2024,2024-05-21,746875,ATL,CHC,be8932096e8883e582de4179f4f54371,2024-05-21T23:40:00Z,2024-05-21T22:35:38Z,superbook,-150,115,1,0.563319,,0.4269,0
2024,2024-05-22,745173,BAL,STL,a1a578caa7499bf55e997b9d9962aad0,2024-05-22T17:15:00Z,2024-05-22T16:10:38Z,superbook,-115,-115,1,0.500000,,0.4478,0
2024,2024-05-22,745576,TEX,PHI,20acb18a4796125a99e9131b22e4c87d,2024-05-22T22:40:00Z,2024-05-22T21:35:38Z,superbook,-135,105,1,0.540791,,0.4368,1
2024,2024-05-22,745661,COL,OAK,a473374c3df0b525c5894c549e1dc90a,2024-05-23T01:40:00Z,2024-05-23T00:35:38Z,betrivers,120,-148,3,0.448137,,0.447,2
2024,2024-05-22,746143,ARI,LAD,3f9840df9d25e14681836c5b931a943d,2024-05-23T02:10:00Z,2024-05-23T01:05:38Z,betrivers,-120,-104,3,0.507887,,0.4332,0
2024,2024-05-23,746714,SD,CIN,00e1df982e706c53445c84b8ddfc8331,2024-05-23T17:10:00Z,2024-05-23T16:05:38Z,superbook,-130,100,1,0.530612,,0.416,3
2024,2024-05-23,746792,BAL,CWS,281289c410b7bddb2ae5d7cd380dfc23,2024-05-23T23:40:00Z,2024-05-23T22:35:39Z,betrivers,100,-124,3,0.476283,,0.4141,1
2024,2024-05-23,746874,ATL,CHC,3c4b314d6d35e3bdebe37c72cf144ff9,2024-05-23T18:20:00Z,2024-05-23T17:15:38Z,betrivers,-122,100,3,0.515737,,0.4377,0
2024,2024-05-24,745087,KC,TB,7de32dccaaa763ef3ae2ef771f6f6112,2024-05-24T22:50:00Z,2024-05-24T21:45:39Z,betrivers,-107,-117,3,0.486205,,0.4365,1
2024,2024-05-24,746227,CLE,LAA,046bf27f11e690f51e2c643c28888d3f,2024-05-25T01:38:00Z,2024-05-25T00:35:38Z,betrivers,106,-130,3,0.464485,,0.4189,1
2024,2024-05-24,746475,TOR,DET,51edba488bbdfcf89fd0f227ea117144,2024-05-24T22:40:00Z,2024-05-24T21:35:39Z,superbook,-105,-125,1,0.479695,,0.4498,0
2024,2024-05-24,746713,LAD,CIN,902956a4412dbbf31ea2d006ad230ccb,2024-05-24T23:10:00Z,2024-05-24T22:05:38Z,superbook,-130,100,1,0.530612,,0.4226,3
2024,2024-05-25,746470,TOR,DET,4ec5a160c2f56f7c5ed2a652cede9986,2024-05-25T17:10:00Z,2024-05-25T16:05:38Z,superbook,-115,-115,1,0.500000,,0.427,2
2024,2024-05-25,746958,MIL,BOS,6fc778517f6b2e03c2086d7dd5aaa7b1,2024-05-25T20:10:00Z,2024-05-25T19:05:38Z,superbook,-125,-105,1,0.520305,,0.4422,0
2024,2024-05-26,746230,CLE,LAA,abb9f1dc63b902882b28aabba6b39fc3,2024-05-26T20:07:00Z,2024-05-26T19:05:38Z,superbook,-105,-125,1,0.479695,,0.4485,0
2024,2024-05-26,746711,LAD,CIN,02b57d190285843184cadfd0b63c50cb,2024-05-26T16:10:00Z,2024-05-26T15:05:38Z,betrivers,-117,-107,3,0.510401,,0.4175,0
2024,2024-05-26,747197,MIA,ARI,b66d6bd44d773dcb9da14f32e2ada171,2024-05-26T20:10:00Z,2024-05-26T19:05:38Z,superbook,-125,-105,1,0.520305,,0.4281,0
2024,2024-05-27,747118,WSH,ATL,a7d3a37b15eea50668ef4e474602f4a9,2024-05-27T20:10:00Z,2024-05-27T19:05:38Z,superbook,-125,-105,1,0.520305,,0.4489,4
2024,2024-05-28,745091,OAK,TB,016a926dbd44fe69eb3771cde162d4f7,2024-05-28T22:50:00Z,2024-05-28T21:45:38Z,betrivers,-104,-121,3,0.474515,,0.4145,0
2024,2024-05-28,745337,PHI,SF,54352a7fdf7d55a12075b2a83301fa62,2024-05-29T01:45:00Z,2024-05-29T00:40:38Z,betrivers,118,-148,3,0.439546,,0.4293,0
2024,2024-05-28,746709,STL,CIN,61b01379ce18e8208fddd786c0cdb4b7,2024-05-28T22:40:00Z,2024-05-28T21:35:38Z,superbook,-115,-115,1,0.500000,,0.4433,0
2024,2024-05-29,745084,OAK,TB,dba6a410b90549b5d17ee6549eff6137,2024-05-29T22:50:00Z,2024-05-29T21:45:38Z,betrivers,112,-137,3,0.459459,,0.4313,0
2024,2024-05-29,745817,LAD,NYM,4741db419825e611134a2520c89da314,2024-05-29T20:10:00Z,2024-05-29T19:05:38Z,betrivers,-129,104,3,0.536733,,0.437,0
2024,2024-05-29,746228,NYY,LAA,a6505bccd18d4fba8f82f7d88cd57f85,2024-05-30T01:38:00Z,2024-05-30T00:35:38Z,betrivers,-112,-113,3,0.495929,,0.4372,0
2024,2024-05-31,745331,NYY,SF,453166dfb37e2788ab7b72788545ed52,2024-06-01T02:15:00Z,2024-06-01T01:10:38Z,betrivers,-105,-120,3,0.475921,,0.4486,0
2024,2024-05-31,745574,STL,PHI,ade74f4a92269ebbfe55e21abd50856d,2024-05-31T22:40:00Z,2024-05-31T21:35:38Z,betrivers,-108,-115,3,0.488282,,0.4218,0
2024,2024-05-31,745820,ARI,NYM,42f7d1011cc14f22dceb27d4d50b0d18,2024-05-31T23:10:00Z,2024-05-31T22:05:38Z,betrivers,114,-141,3,0.445842,,0.447,7
2024,2024-05-31,746059,TEX,MIA,830263efcd5f2f9d79a61bd78a12ea28,2024-05-31T23:10:00Z,2024-05-31T22:05:38Z,superbook,-120,-110,1,0.510121,,0.4323,0
2024,2024-05-31,746955,DET,BOS,fa6c5d13755ce7b4cb3ecd068765fe88,2024-05-31T23:10:00Z,2024-05-31T22:05:38Z,superbook,-110,-120,1,0.489879,,0.4401,1
2024,2024-05-31,747116,OAK,ATL,45bd48170e46f4e13b06e1ca9e3365e5,2024-05-31T23:20:00Z,2024-05-31T22:15:38Z,superbook,-110,-120,1,0.489879,,0.4204,1
2024,2024-06-01,745812,ARI,NYM,0b7a2ae162da38b96073f1df99f6a7a4,2024-06-01T20:10:00Z,2024-06-01T19:05:38Z,superbook,-105,-125,1,0.479695,,0.4443,0
2024,2024-06-01,746138,COL,LAD,43bc2762fc7c60dde73bb6b132143139,2024-06-02T02:10:00Z,2024-06-02T01:05:37Z,betrivers,100,-127,3,0.471085,,0.432,0
2024,2024-06-01,747111,OAK,ATL,2c9c95ea571b857b88f3c40931fae6fe,2024-06-01T20:10:00Z,2024-06-01T19:05:38Z,betrivers,-103,-122,3,0.483330,,0.4201,4
2024,2024-06-02,745572,STL,PHI,6568d562f1be84c96ecf2f4faa09c9f0,2024-06-02T23:10:00Z,2024-06-02T22:05:37Z,superbook,-130,100,1,0.530612,,0.4167,2
2024,2024-06-02,746141,COL,LAD,75bed3ac0b4915ec1fe5e5851d4eadbe,2024-06-02T20:10:00Z,2024-06-02T19:05:37Z,superbook,-115,-115,1,0.500000,,0.434,2
2024,2024-06-02,746953,DET,BOS,c9b1622dc9094359589fbaed62372c80,2024-06-02T17:35:00Z,2024-06-02T16:30:37Z,superbook,-115,-115,1,0.500000,,0.4437,1
2024,2024-06-04,745656,SEA,OAK,87c45573311b23ff5d7509a45c0914b1,2024-06-05T01:40:00Z,2024-06-05T00:35:37Z,betrivers,112,-139,2,0.458611,,0.4237,0
2024,2024-06-04,745739,MIN,NYY,e42d27ff330572c96ef626c5ef098314,2024-06-04T23:05:00Z,2024-06-04T22:00:37Z,betrivers,-106,-117,2,0.478856,,0.4367,0
2024,2024-06-04,746222,SD,LAA,a680204492e2813d285f74e2d4a0b78a,2024-06-05T01:38:00Z,2024-06-05T00:35:37Z,superbook,-110,-120,1,0.489879,,0.4275,0
2024,2024-06-04,746949,ATL,BOS,6d48c74f754a0e7ef55dd5555c813379,2024-06-04T23:10:00Z,2024-06-04T22:05:37Z,betrivers,102,-129,2,0.463478,,0.4308,0
2024,2024-06-05,745740,MIN,NYY,f49a8ff37ba73f47bbf4d4c64cc1df0e,2024-06-05T23:05:00Z,2024-06-05T22:00:37Z,superbook,-125,-105,1,0.520305,,0.4451,4
2024,2024-06-06,746784,BOS,CWS,956a1564adfb90ddfd74d2d011f85411,2024-06-07T00:10:00Z,2024-06-06T23:05:38Z,superbook,-115,-115,1,0.500000,,0.43,1
2024,2024-06-07,744845,ATL,WSH,4d64e94ca31e564ad90742885fbc79c9,2024-06-07T22:45:00Z,2024-06-07T21:40:38Z,betrivers,107,-136,2,0.457615,,0.4255,0
2024,2024-06-07,745083,BAL,TB,d3f53af3997bd0423693277025afd710,2024-06-07T22:50:00Z,2024-06-07T21:45:40Z,superbook,-115,-115,1,0.500000,,0.4387,0
2024,2024-06-07,746053,CLE,MIA,2f86243ac714a6373e9191ff1f014c47,2024-06-07T23:10:00Z,2024-06-07T22:05:37Z,betrivers,104,-129,2,0.462252,,0.4383,0
2024,2024-06-08,745166,COL,STL,bbcb2ca43b4e3fb2eef44d28a7fb3dd2,2024-06-08T20:15:00Z,2024-06-08T19:10:37Z,betrivers,102,-125,2,0.490663,,0.4328,1
2024,2024-06-08,745492,MIN,PIT,8a7d74ed9b0d5fccf6b7182690f0943c,2024-06-08T20:05:00Z,2024-06-08T19:00:37Z,betrivers,-124,100,2,0.517773,,0.4281,0
2024,2024-06-08,745652,TOR,OAK,4e4f38dfc1b077eca612fc029388eb66,2024-06-08T20:07:00Z,2024-06-08T19:05:37Z,betrivers,110,-137,2,0.460537,,0.4277,1
2024,2024-06-08,746786,BOS,CWS,cbc06631d54d965345e4b5c03006d352,2024-06-08T20:10:00Z,2024-06-08T19:05:37Z,superbook,-115,-115,1,0.500000,,0.4213,0
2024,2024-06-09,745085,BAL,TB,0fb01805f1fc37cf4b785861138c802f,2024-06-09T17:40:00Z,2024-06-09T16:35:37Z,betrivers,-105,-120,2,0.471743,,0.4459,0
2024,2024-06-09,746216,HOU,LAA,b538135a98ff5f16dbf114b07f8402c1,2024-06-09T20:07:00Z,2024-06-09T19:05:37Z,betrivers,-104,-120,2,0.481402,,0.4329,0
2024,2024-06-10,745334,HOU,SF,9d39f0cf921bb8fbf55a61d649f7f5e2,2024-06-11T01:45:00Z,2024-06-11T00:40:38Z,superbook,-105,-125,1,0.479695,,0.4396,0
2024,2024-06-11,745077,CHC,TB,9778adbeb0600d1f0b32f7c7be2b8d7f,2024-06-11T22:50:00Z,2024-06-11T21:45:38Z,betrivers,106,-132,2,0.459800,,0.4139,0
2024,2024-06-11,745899,COL,MIN,58f7d449555955a2bc66cd5d4828dac2,2024-06-11T23:40:00Z,2024-06-11T22:35:38Z,superbook,-110,-120,1,0.489879,,0.4388,0
2024,2024-06-12,745079,CHC,TB,a66c2455aa2e8d878c99a2972dd4451b,2024-06-12T22:50:00Z,2024-06-12T21:45:37Z,betrivers,102,-125,2,0.475450,,0.4385,0
2024,2024-06-12,746948,PHI,BOS,9ae2d0dab87f8412e51693b0fd7558fa,2024-06-12T23:10:00Z,2024-06-12T22:05:38Z,superbook,-105,-125,1,0.479695,,0.4461,2
2024,2024-06-12,747193,LAA,ARI,11538c7e00d290661bee3a23d8a543f4,2024-06-13T01:40:00Z,2024-06-13T00:35:38Z,betrivers,102,-127,2,0.484727,,0.4355,1
2024,2024-06-13,745075,CHC,TB,aae503756eb4e706139a7271b4a68746,2024-06-13T22:50:00Z,2024-06-13T21:45:38Z,betrivers,108,-134,2,0.452914,,0.4392,0
2024,2024-06-13,747192,LAA,ARI,a26efa121081e242935f793dc73ceb0a,2024-06-14T01:40:00Z,2024-06-14T00:35:38Z,superbook,-110,-120,1,0.489879,,0.4162,3
2024,2024-06-14,745326,LAA,SF,6fee841f161777def6f23998c1b308c7,2024-06-15T02:15:00Z,2024-06-15T01:10:38Z,betrivers,104,-129,2,0.472496,,0.4313,0
2024,2024-06-14,747191,CWS,ARI,960e6ad25847c5e3e0fa426320b11437,2024-06-15T01:40:00Z,2024-06-15T00:35:37Z,superbook,-130,100,1,0.530612,,0.424,0
2024,2024-06-15,744846,MIA,WSH,364d65753c1e1aee1a8238c7a0d79065,2024-06-15T20:05:00Z,2024-06-15T19:00:37Z,betmgm,-120,-105,3,0.511989,,0.4265,1
2024,2024-06-15,746547,PIT,COL,4256c51abcd105bd0d73a4686a174feb,2024-06-16T01:10:00Z,2024-06-16T00:05:37Z,fanduel,-142,112,4,0.554604,0.554361,0.4276,0
2024,2024-06-16,746866,STL,CHC,a55bd6482bb667ce4ead55f90a5a46d4,2024-06-16T17:05:00Z,2024-06-16T16:00:37Z,fanduel,-140,110,4,0.548119,0.550562,0.4381,0
2024,2024-06-16,746945,NYY,BOS,c707e0466c3d900ce944ca6b9120e78e,2024-06-16T23:10:00Z,2024-06-16T22:05:37Z,fanduel,-125,-102,4,0.509718,0.523859,0.4187,1
2024,2024-06-17,745490,CIN,PIT,8c2076dc1f319d39cfc82931eceac939,2024-06-17T22:40:00Z,2024-06-17T21:35:38Z,fanduel,102,-130,5,0.461862,0.466910,0.4374,4
2024,2024-06-18,744843,ARI,WSH,690361d39e4db0d120045954159af941,2024-06-18T22:45:00Z,2024-06-18T21:40:38Z,fanduel,-120,-106,4,0.512634,0.514571,0.4169,2
2024,2024-06-18,745650,KC,OAK,17fc9068470fe14d3da8291f39d3bdb4,2024-06-19T01:40:00Z,2024-06-19T00:35:38Z,fanduel,-102,-125,5,0.462913,0.476141,0.4418,2
2024,2024-06-18,746783,HOU,CWS,631fec44e3e2723f9fd172b1934b9657,2024-06-19T00:10:00Z,2024-06-18T23:05:38Z,fanduel,100,-128,5,0.491061,0.471074,0.4283,0
2024,2024-06-18,746867,SF,CHC,1a478d4fadd720712fb00cc3ead64335,2024-06-19T00:05:00Z,2024-06-18T23:00:38Z,fanduel,100,-128,4,0.470916,0.471074,0.4234,0
2024,2024-06-19,745561,SD,PHI,0f02e87038c173453a48d10595f15001,2024-06-19T17:05:00Z,2024-06-19T16:00:38Z,fanduel,-113,-113,4,0.496069,0.500000,0.4342,0
2024,2024-06-19,746050,STL,MIA,5ef1c6bdaf13c145a07822d147278e42,2024-06-19T16:40:00Z,2024-06-19T15:35:37Z,fanduel,-106,-120,4,0.484820,0.485429,0.4483,2
2024,2024-06-20,745401,MIL,SD,71c3c69b206512eda8dd77ace86a66d1,2024-06-21T01:40:00Z,2024-06-21T00:35:37Z,fanduel,-122,-104,4,0.508458,0.518759,0.4181,5
2024,2024-06-20,746782,HOU,CWS,28b6ef71d47be443aab7b9afbe45a53b,2024-06-20T18:10:00Z,2024-06-20T17:05:37Z,fanduel,-120,-106,5,0.520829,0.514571,0.4174,1
2024,2024-06-21,745483,TB,PIT,ddefac054a524d53bcdaf0938cb31458,2024-06-21T22:40:00Z,2024-06-21T21:35:38Z,fanduel,-113,-113,4,0.493421,0.500000,0.4236,0
2024,2024-06-21,745649,MIN,OAK,6c4f87b921da2c706b450b35c4036eb1,2024-06-22T01:40:00Z,2024-06-22T00:35:38Z,fanduel,-102,-125,5,0.470836,0.476141,0.435,2
2024,2024-06-21,746540,WSH,COL,d988e4c8983a713f1c398c59e05b1983,2024-06-22T00:40:00Z,2024-06-21T23:35:37Z,fanduel,-132,104,4,0.545670,0.537185,0.4277,0
2024,2024-06-22,745731,ATL,NYY,fb3794e7a4edbbc09362ac52a4ca6374,2024-06-22T23:15:00Z,2024-06-22T22:10:37Z,fanduel,-128,100,4,0.523963,0.528926,0.4319,3
2024,2024-06-22,746700,BOS,CIN,d445798cf5320fe5463b449d3d43d0c9,2024-06-22T20:10:00Z,2024-06-22T19:05:37Z,fanduel,-113,-113,4,0.522959,0.500000,0.4357,2
2024,2024-06-22,746863,NYM,CHC,760907bb0cfcb21b09ca838d0ad80825,2024-06-22T18:20:00Z,2024-06-22T17:15:37Z,fanduel,-148,116,4,0.567598,0.563134,0.4418,5
2024,2024-06-23,745648,MIN,OAK,83589f673869cc894dc84046ea0d3824,2024-06-23T20:07:00Z,2024-06-23T19:05:37Z,fanduel,102,-130,5,0.464002,0.466910,0.4206,0
2024,2024-06-23,745727,ATL,NYY,2a2edc179b25e3aab551d9a17863f39b,2024-06-23T17:35:00Z,2024-06-23T16:30:37Z,fanduel,-113,-113,4,0.492409,0.500000,0.4213,0
2024,2024-06-23,746621,TOR,CLE,9881383960e2a1c3bb5d946af6855c9f,2024-06-23T17:40:00Z,2024-06-23T16:35:37Z,fanduel,-113,-113,4,0.488509,0.500000,0.4333,3
2024,2024-06-23,746699,BOS,CIN,b54af2a9d0519771df4114a9a788e4f4,2024-06-23T17:40:00Z,2024-06-23T16:35:37Z,fanduel,-120,-106,4,0.513826,0.514571,0.4439,0
2024,2024-06-24,746298,MIA,KC,eeafd2c8f013f5f86c4e90211d7696ca,2024-06-25T00:10:00Z,2024-06-24T23:05:37Z,fanduel,-128,100,4,0.523963,0.528926,0.427,0
2024,2024-06-24,746696,PIT,CIN,04615a73cbb74f4b21e5a25e25482638,2024-06-24T23:10:00Z,2024-06-24T22:05:37Z,fanduel,-146,114,5,0.538960,0.559487,0.4449,0
2024,2024-06-24,746780,LAD,CWS,ce0f81374e52250236844b6e65817f97,2024-06-25T00:10:00Z,2024-06-24T23:05:37Z,fanduel,-102,-125,5,0.474807,0.476141,0.4441,0
2024,2024-06-25,745806,NYY,NYM,38000f6df1701519a1fee5e0229f8c03,2024-06-25T23:10:00Z,2024-06-25T22:05:38Z,fanduel,-106,-120,4,0.483675,0.485429,0.4392,1
2024,2024-06-25,746943,TOR,BOS,7dc63a8591e314a963288c91063b41ce,2024-06-25T23:10:00Z,2024-06-25T22:05:38Z,fanduel,-113,-113,4,0.496069,0.500000,0.4379,0
2024,2024-06-26,745158,ATL,STL,e6c1a7354480526afa5efce5994f0822,2024-06-26T23:15:00Z,2024-06-26T22:10:38Z,fanduel,-113,-113,4,0.494939,0.500000,0.4308,0
2024,2024-06-26,746456,PHI,DET,50647f2d187ad8e1cd05e5757ce9be38,2024-06-26T17:11:00Z,2024-06-26T16:10:38Z,fanduel,-120,-106,5,0.508276,0.514571,0.4403,2
2024,2024-06-26,746695,PIT,CIN,9828d2ef0a007e0a679cd39acd7e886c,2024-06-26T17:11:00Z,2024-06-26T16:10:38Z,fanduel,-128,100,4,0.526539,0.528926,0.4433,0
2024,2024-06-26,747184,MIN,ARI,8e4675b1d1c283b045165de1658599bf,2024-06-27T01:40:00Z,2024-06-27T00:35:37Z,fanduel,-125,-102,4,0.517666,0.523859,0.4315,0
2024,2024-06-27,745565,MIA,PHI,691dde438130c0c26260edd65b67bc22,2024-06-27T22:20:00Z,2024-06-27T21:15:38Z,fanduel,-111,-115,4,0.492662,0.495845,0.4355,1
2024,2024-06-28,745070,WSH,TB,206e40012cb962b6cce0c994554a33a7,2024-06-28T22:51:00Z,2024-06-28T21:50:38Z,fanduel,-102,-125,5,0.464867,0.476141,0.4447,0
2024,2024-06-28,745161,CIN,STL,cc18f51f03bcbfd071d742bf4cd776c2,2024-06-29T00:16:00Z,2024-06-28T23:15:38Z,fanduel,-115,-111,4,0.501039,0.504155,0.4415,0
2024,2024-06-28,745319,LAD,SF,fbf6139219511f3908ec4566d0892529,2024-06-29T02:16:00Z,2024-06-29T01:15:38Z,fanduel,106,-136,5,0.457261,0.457223,0.4336,0
2024,2024-06-28,745560,MIA,PHI,8e2844e781618f9b9b8ff4fdc34d8a13,2024-06-28T22:21:00Z,2024-06-28T21:20:38Z,fanduel,-106,-120,4,0.484820,0.485429,0.424,0
2024,2024-06-28,746776,COL,CWS,57571e2fa4450205bb7730e7faa0ad56,2024-06-28T23:11:00Z,2024-06-28T22:10:38Z,fanduel,-111,-115,4,0.504022,0.495845,0.4241,0
2024,2024-06-28,747105,PIT,ATL,b5473aa64835a9f0827cb1588b8bb100,2024-06-28T23:21:00Z,2024-06-28T22:20:38Z,fanduel,-113,-113,4,0.512744,0.500000,0.4256,0
2024,2024-06-29,745071,WSH,TB,401f6711143695b6fe58e4e15c32c1d3,2024-06-29T20:11:00Z,2024-06-29T19:10:38Z,fanduel,100,-128,5,0.464077,0.471074,0.4441,2
2024,2024-06-29,746211,DET,LAA,958aec72b702775a77d01b010924175d,2024-06-30T02:08:00Z,2024-06-30T01:05:38Z,fanduel,104,-132,5,0.460977,0.462815,0.4312,1
2024,2024-06-29,746778,COL,CWS,36ce13b5f1e94c53b6dc969a7e1d78bc,2024-06-29T18:10:00Z,2024-06-29T17:05:38Z,fanduel,-111,-115,4,0.502814,0.495845,0.4192,0
2024,2024-06-30,747101,PIT,ATL,9147dbc7a337ee2e38e5c65e59c599d4,2024-06-30T15:36:00Z,2024-06-30T14:35:38Z,fanduel,-115,-111,4,0.512576,0.504155,0.4232,0
2024,2024-07-02,744838,NYM,WSH,8fd248716d78eadc52080d40579acbc1,2024-07-02T22:45:00Z,2024-07-02T21:40:37Z,fanduel,-111,-115,4,0.495123,0.495845,0.4299,0
2024,2024-07-02,744913,HOU,TOR,3b891722c137731add6276614a24ca44,2024-07-02T23:08:00Z,2024-07-02T22:05:37Z,fanduel,-104,-122,4,0.474960,0.481241,0.4372,1
2024,2024-07-02,745647,LAA,OAK,45a6be1a79e8e1983ca41a6cac0de270,2024-07-03T01:41:00Z,2024-07-03T00:40:37Z,fanduel,106,-136,5,0.446081,0.457223,0.4249,0
2024,2024-07-02,746282,TB,KC,52e55ba98ecde15156852185a66b7dab,2024-07-03T00:11:00Z,2024-07-02T23:10:37Z,fanduel,-128,100,4,0.518886,0.528926,0.4277,0
2024,2024-07-02,746860,PHI,CHC,5cb716e5ff644d18ade2cb087fcdc602,2024-07-03T00:06:00Z,2024-07-02T23:05:37Z,fanduel,-115,-111,3,0.506626,0.504155,0.4275,0
2024,2024-07-02,747102,SF,ATL,9576965d8e9235db63257412c2799ff0,2024-07-02T23:21:00Z,2024-07-02T22:20:37Z,fanduel,-111,-115,4,0.486247,0.495845,0.4476,0
2024,2024-07-03,744837,NYM,WSH,f53a132696732f51da91c74a535dad6b,2024-07-03T22:46:00Z,2024-07-03T21:45:37Z,fanduel,-120,-106,4,0.492183,0.514571,0.4498,0
2024,2024-07-04,745726,CIN,NYY,d6923cfe14ed8adafdef23fb3c5758d6,2024-07-04T17:06:00Z,2024-07-04T16:05:37Z,fanduel,-122,-104,5,0.528860,0.518759,0.438,0
2024,2024-07-04,746043,BOS,MIA,9bbe2b0ba2f2b10cd6ecb959b3307d03,2024-07-04T17:11:00Z,2024-07-04T16:10:37Z,fanduel,-113,-113,4,0.495951,0.500000,0.4467,1
2024,2024-07-05,745398,ARI,SD,4e9083aac4ca446caf333ab375cfb90d,2024-07-06T01:41:00Z,2024-07-06T00:40:37Z,fanduel,-113,-113,3,0.498370,0.500000,0.4404,2
2024,2024-07-05,746127,MIL,LAD,51b6770515e80c333b75ce03e3a5908d,2024-07-06T02:11:00Z,2024-07-06T01:10:37Z,fanduel,-106,-120,4,0.471504,0.485429,0.4332,1
2024,2024-07-06,745476,NYM,PIT,0d530d4acfc7959b6f2bf5de022ba1a1,2024-07-06T20:06:00Z,2024-07-06T19:05:37Z,fanduel,-115,-111,4,0.510092,0.504155,0.4281,0
2024,2024-07-07,745637,BAL,OAK,d217e99bef6f1a7fe93d8669d16c4221,2024-07-07T20:08:00Z,2024-07-07T19:05:36Z,fanduel,-102,-125,4,0.482451,0.476141,0.4186,4
2024,2024-07-07,746122,MIL,LAD,d96fb82ca8894eafc232ef4666f20f37,2024-07-07T20:11:00Z,2024-07-07T19:10:37Z,fanduel,-132,104,4,0.528604,0.537185,0.4213,0
2024,2024-07-07,746530,KC,COL,901ab844532737b29853058ce586ef8f,2024-07-07T19:11:00Z,2024-07-07T18:10:37Z,fanduel,-125,-102,4,0.530189,0.523859,0.4398,0
2024,2024-07-08,744833,STL,WSH,5d5295a324d55e6768a7099874c2c65d,2024-07-08T20:06:00Z,2024-07-08T19:05:37Z,fanduel,-115,-111,4,0.504970,0.504155,0.4287,0
2024,2024-07-08,746208,TEX,LAA,e448d04c09ea9e8469463f927e93fc75,2024-07-09T01:39:00Z,2024-07-09T00:35:37Z,fanduel,-104,-122,4,0.491542,0.481241,0.4449,2
2024,2024-07-08,746455,CLE,DET,db595b796847f9a39b6ef5e08736dedb,2024-07-08T22:41:00Z,2024-07-08T21:40:37Z,fanduel,-122,-104,4,0.500852,0.518759,0.4408,0
2024,2024-07-08,746692,COL,CIN,dfebb4e2525263ba2835b8ec131f7de1,2024-07-08T23:11:00Z,2024-07-08T22:10:37Z,fanduel,-120,-106,4,0.516325,0.514571,0.447,0
2024,2024-07-08,746771,MIN,CWS,7a6656c7a4b6d1156dec83a351c65758,2024-07-09T00:10:00Z,2024-07-08T23:05:37Z,fanduel,-113,-113,4,0.506384,0.500000,0.4238,1
2024,2024-07-09,745316,TOR,SF,43fa98ef0d1f627ce4919cbc30819f2c,2024-07-10T01:46:00Z,2024-07-10T00:45:37Z,fanduel,124,-158,5,0.448392,0.421624,0.4377,0
2024,2024-07-09,745557,LAD,PHI,a3f8ad8153fb74df1bc326abab712d14,2024-07-09T22:41:00Z,2024-07-09T21:40:37Z,fanduel,-125,-102,4,0.507272,0.523859,0.4381,0
2024,2024-07-09,746937,OAK,BOS,76c27b5fc5b3d8e0a6fdca3029cc2a68,2024-07-09T23:11:00Z,2024-07-09T22:10:37Z,fanduel,-132,104,4,0.524555,0.537185,0.4429,5
2024,2024-07-09,747180,ATL,ARI,7c41705ee220f25db12a91952bd3924e,2024-07-10T01:41:00Z,2024-07-10T00:40:37Z,fanduel,112,-142,5,0.445447,0.445639,0.4411,0
2024,2024-07-10,745069,NYY,TB,c666105e14d197ecb795e910049bc678,2024-07-10T22:51:00Z,2024-07-10T21:50:37Z,fanduel,-106,-120,4,0.483675,0.485429,0.4178,0
2024,2024-07-10,745556,LAD,PHI,34b48b02cd6a2758bb58b5bd30b3b92f,2024-07-10T23:06:00Z,2024-07-10T22:05:37Z,fanduel,-122,-104,3,0.518399,0.518759,0.4244,1
2024,2024-07-10,745796,WSH,NYM,4c7c5b460834d212a86707366e304f65,2024-07-10T23:11:00Z,2024-07-10T22:10:37Z,fanduel,-120,-106,3,0.503114,0.514571,0.4206,1
2024,2024-07-10,746934,OAK,BOS,f969f2af672dc7cd0f81e2be279de300,2024-07-10T23:11:00Z,2024-07-10T22:10:37Z,fanduel,-132,104,3,0.539453,0.537185,0.4159,0
2024,2024-07-11,745065,NYY,TB,e15a63bb2e6078a511ddc28ef02d4fa4,2024-07-11T22:51:00Z,2024-07-11T21:50:37Z,fanduel,-108,-118,5,0.488054,0.489602,0.442,2
2024,2024-07-11,745313,TOR,SF,584c7e27bd18474bcff2a776cf58a6be,2024-07-11T19:46:00Z,2024-07-11T18:45:37Z,fanduel,116,-148,5,0.446796,0.436866,0.4362,5
2024,2024-07-11,745799,WSH,NYM,5e14247d4fb2b7af8bb964cebb1ca325,2024-07-11T17:11:00Z,2024-07-11T16:10:37Z,fanduel,106,-136,4,0.469059,0.457223,0.4423,0
2024,2024-07-11,746204,SEA,LAA,4d78bde8a1a4548d3ecec99ad221fc70,2024-07-12T01:39:00Z,2024-07-12T00:35:37Z,fanduel,-113,-113,4,0.493539,0.500000,0.4289,4
2024,2024-07-11,747178,ATL,ARI,024691f3346a00a26acf266910ebe053,2024-07-12T01:41:00Z,2024-07-12T00:40:37Z,fanduel,-111,-115,5,0.474904,0.495845,0.4286,0
2024,2024-07-12,745064,CLE,TB,095dc16478fc4eb58c619608a141463f,2024-07-12T22:51:00Z,2024-07-12T21:50:37Z,fanduel,106,-136,4,0.466379,0.457223,0.4436,0
2024,2024-07-12,746207,SEA,LAA,085c5c4a38db3bafbb7f23669137f01d,2024-07-13T01:39:00Z,2024-07-13T00:35:37Z,fanduel,102,-130,4,0.458691,0.466910,0.4419,4
2024,2024-07-12,746685,MIA,CIN,c8ca86919fb7d46b17fc9155cf3242f1,2024-07-12T23:11:00Z,2024-07-12T22:10:37Z,fanduel,-132,104,5,0.531888,0.537185,0.4477,2
2024,2024-07-12,747175,TOR,ARI,479bd12d1bd8f8e701dfe47eb8db0082,2024-07-13T01:41:00Z,2024-07-13T00:40:37Z,fanduel,-111,-115,5,0.504844,0.495845,0.4206,0
2024,2024-07-13,745067,CLE,TB,dad6c9ce98ee84d1078ccbd6e7f64bc6,2024-07-13T20:10:00Z,2024-07-13T19:05:37Z,fanduel,104,-132,4,0.481594,0.462815,0.4252,0
2024,2024-07-13,745311,MIN,SF,fc640038ab024567cdfacb4401e83a59,2024-07-13T23:15:00Z,2024-07-13T22:10:37Z,fanduel,106,-136,5,0.468729,0.457223,0.4343,0
2024,2024-07-13,747177,TOR,ARI,ba05375fff17343769a629fbf629bcbc,2024-07-14T02:10:00Z,2024-07-14T01:05:37Z,fanduel,-113,-113,4,0.506461,0.500000,0.4489,1
2024,2024-07-14,745314,MIN,SF,90b7cc4b84797346f04d1c0bab285057,2024-07-14T20:05:00Z,2024-07-14T19:00:37Z,fanduel,112,-142,5,0.442941,0.445639,0.4423,0
2024,2024-07-14,747009,NYY,BAL,9b067484fafebf2e421cebb1286c4775,2024-07-14T15:35:00Z,2024-07-14T14:30:37Z,fanduel,-136,106,4,0.519804,0.542777,0.4147,0
2024,2024-07-19,746123,BOS,LAD,e584457eb354b9a56870370c8abca119,2024-07-20T02:10:00Z,2024-07-20T01:05:37Z,fanduel,-113,-113,2,0.500000,0.500000,0.4159,0
2024,2024-07-20,746041,NYM,MIA,b2488436e7fc9bc10deef9d4ac747d7f,2024-07-20T20:11:00Z,2024-07-20T19:10:37Z,fanduel,-115,-111,4,0.508735,0.504155,0.4357,0
2024,2024-07-21,745722,TB,NYY,562a55b3afcb73ae98f6e3cdd74d1ef0,2024-07-21T17:35:00Z,2024-07-21T16:30:37Z,fanduel,-132,104,3,0.527935,0.537185,0.4289,1
2024,2024-07-21,746528,SF,COL,3b3fe62d1f0d7cdccd00a5c3c5ac6109,2024-07-21T19:10:00Z,2024-07-21T18:05:37Z,fanduel,-125,-102,3,0.528318,0.523859,0.4469,1
2024,2024-07-22,745717,TB,NYY,1365025d8c6a98158965fb1a05c38da2,2024-07-22T17:05:00Z,2024-07-22T16:00:37Z,fanduel,-111,-115,3,0.498615,0.495845,0.4435,0
2024,2024-07-22,746124,SF,LAD,979edea7988b55e93119d0aa721fa83a,2024-07-23T02:11:00Z,2024-07-23T01:10:37Z,fanduel,-111,-115,4,0.482938,0.495845,0.4155,0
2024,2024-07-23,744828,SD,WSH,2477b64b69957c6c19400452f5432e19,2024-07-23T22:46:00Z,2024-07-23T21:45:38Z,fanduel,-113,-113,2,0.502615,0.500000,0.4337,0
2024,2024-07-23,744904,TB,TOR,9a7c705da70db40cd286dffe4c665b76,2024-07-23T23:08:00Z,2024-07-23T22:05:38Z,fanduel,-106,-120,3,0.495143,0.485429,0.4402,0
2024,2024-07-23,745715,NYM,NYY,2268c4bb595747868a37f268a9f975a0,2024-07-23T23:06:00Z,2024-07-23T22:05:38Z,fanduel,-115,-111,3,0.503016,0.504155,0.4292,0
2024,2024-07-24,746119,SF,LAD,4ce175623947d69ed2e23b1634edc8d9,2024-07-25T02:10:00Z,2024-07-25T01:05:38Z,fanduel,104,-132,3,0.472160,0.462815,0.4184,1
2024,2024-07-26,745068,CIN,TB,8722c78e1923f42052ed4f682219cd38,2024-07-26T22:51:00Z,2024-07-26T21:50:38Z,fanduel,114,-146,4,0.448650,0.440513,0.4176,2
2024,2024-07-26,746200,OAK,LAA,c840a0d25d28a7c6a0728ce8f457d01a,2024-07-27T01:39:00Z,2024-07-27T00:35:38Z,fanduel,-106,-120,4,0.498368,0.485429,0.4164,4
2024,2024-07-26,746933,NYY,BOS,af77034ce73a21c38324025d02eb6bce,2024-07-26T23:11:00Z,2024-07-26T22:10:38Z,fanduel,-118,-108,3,0.515413,0.510398,0.4493,1
2024,2024-07-26,747010,SD,BAL,b7e2a60e19a1741dd212243e1c205acf,2024-07-26T23:06:00Z,2024-07-26T22:05:37Z,fanduel,-120,-106,3,0.514999,0.514571,0.4288,0
2024,2024-07-26,747174,PIT,ARI,00f7e9de29fab9e611c0d9316eeffa0f,2024-07-27T01:41:00Z,2024-07-27T00:40:37Z,fanduel,102,-130,3,0.473430,0.466910,0.4346,2
2024,2024-07-27,746768,SEA,CWS,f9a3729e6336de1b516f033932252d59,2024-07-27T23:16:00Z,2024-07-27T22:15:37Z,fanduel,112,-142,4,0.443700,0.445639,0.4253,0
2024,2024-07-28,744902,TEX,TOR,a26c7f2e7e8ec623d80a291c0e9d4d6e,2024-07-28T17:38:00Z,2024-07-28T16:35:39Z,fanduel,102,-130,3,0.485596,0.466910,0.4459,3
2024,2024-07-28,745795,ATL,NYM,623f411e6f75514bf5d8fe6926af96c7,2024-07-28T17:41:00Z,2024-07-28T16:40:37Z,fanduel,102,-130,3,0.461912,0.466910,0.4438,0
2024,2024-07-28,746195,OAK,LAA,4687388efc111f3aff3456cc8bad60df,2024-07-28T20:08:00Z,2024-07-28T19:05:37Z,fanduel,-108,-118,3,0.501775,0.489602,0.4269,0
2024,2024-07-28,747008,SD,BAL,b042cffe7fe995ef14dcdaebc3cfbf33,2024-07-28T17:36:00Z,2024-07-28T16:35:39Z,fanduel,-132,104,3,0.525973,0.537185,0.4198,0
2024,2024-07-28,747173,PIT,ARI,1a2a9352c6b1798fe672f9f7bb30cb64,2024-07-28T20:11:00Z,2024-07-28T19:10:37Z,fanduel,102,-130,3,0.476824,0.466910,0.4375,0
2024,2024-07-29,746765,KC,CWS,21c49158593498f35211940800eeda4e,2024-07-30T00:11:00Z,2024-07-29T23:10:37Z,fanduel,-128,100,3,0.514883,0.528926,0.4277,1
2024,2024-07-30,745060,MIA,TB,5f05fada5e145e3eb7af07aadbaaf49e,2024-07-30T22:51:00Z,2024-07-30T21:50:37Z,fanduel,124,-158,4,0.417653,0.421624,0.4247,2
2024,2024-07-30,745546,NYY,PHI,f11617e9a0b05143451e10f26ddf1273,2024-07-30T22:40:00Z,2024-07-30T21:40:38Z,fanduel,-111,-115,3,0.508757,0.495845,0.4333,2
2024,2024-07-30,745787,MIN,NYM,2eff7d5d4379470b16e9331989239ef4,2024-07-30T23:11:00Z,2024-07-30T22:10:38Z,fanduel,-113,-113,3,0.487991,0.500000,0.4493,0
2024,2024-07-30,746926,SEA,BOS,062d676beda5051556d62eac2b291dfa,2024-07-30T23:11:00Z,2024-07-30T22:10:38Z,fanduel,-118,-108,3,0.527267,0.510398,0.4413,1
2024,2024-07-31,745306,OAK,SF,34222cf6b7cbae21109cb8f91ddcfe42,2024-08-01T01:45:00Z,2024-08-01T00:40:38Z,fanduel,106,-136,4,0.459970,0.457223,0.4267,0
2024,2024-07-31,746764,KC,CWS,33fba3324463625ba76677949e61301b,2024-07-31T18:11:00Z,2024-07-31T17:10:38Z,fanduel,-113,-113,3,0.494975,0.500000,0.4404,1
2024,2024-07-31,747170,WSH,ARI,90983dbf68fe0b9460430fcd7c9c2b92,2024-07-31T19:40:00Z,2024-07-31T18:35:38Z,fanduel,112,-142,4,0.470088,0.445639,0.4299,0
2024,2024-08-02,744825,MIL,WSH,1b6adb52209ce03f07733cf4438fff06,2024-08-02T22:46:00Z,2024-08-02T21:45:38Z,fanduel,-111,-115,3,0.514060,0.495845,0.4466,0
2024,2024-08-02,745631,LAD,OAK,4dcf3d530c1bf0743c606c741ec8186b,2024-08-03T01:41:00Z,2024-08-03T00:40:38Z,fanduel,-115,-111,3,0.503016,0.504155,0.4318,2
2024,2024-08-02,746193,NYM,LAA,86d865c12fd25dccc37bd35178390f3c,2024-08-03T01:39:00Z,2024-08-03T00:35:38Z,fanduel,-113,-113,4,0.504102,0.500000,0.4303,0
2024,2024-08-03,745388,COL,SD,0049fbf0e2cf16daa9b598dc37e590df,2024-08-04T00:40:00Z,2024-08-03T23:40:37Z,fanduel,-108,-118,3,0.493140,0.489602,0.4254,0
2024,2024-08-03,745714,TOR,NYY,96d754b93e3adfde0f376d64fc56006c,2024-08-03T17:05:00Z,2024-08-03T16:00:38Z,fanduel,-132,104,3,0.532623,0.537185,0.4302,3
2024,2024-08-03,747087,MIA,ATL,71354114ca0c79f825bfa00df5f45eea,2024-08-03T23:20:00Z,2024-08-03T22:20:37Z,fanduel,-130,102,3,0.530006,0.533090,0.4418,1
2024,2024-08-04,744826,MIL,WSH,85b21f6cb885816814070011f662e934,2024-08-04T17:36:00Z,2024-08-04T16:35:38Z,fanduel,-108,-118,3,0.501932,0.489602,0.4392,1
2024,2024-08-04,745627,LAD,OAK,bb130cafc3820fed1d08cf126e01d04e,2024-08-04T20:08:00Z,2024-08-04T19:05:37Z,fanduel,-108,-118,4,0.490970,0.489602,0.4234,4
2024,2024-08-05,744821,SF,WSH,9d4333a38c28ea2e8599489285663b06,2024-08-05T22:46:00Z,2024-08-05T21:45:38Z,fanduel,-113,-113,3,0.496606,0.500000,0.4169,1
2024,2024-08-05,746116,PHI,LAD,c0cb6cd88b52cd5b9d6374e8f57f4544,2024-08-06T02:10:00Z,2024-08-06T01:05:38Z,betmgm,110,-140,3,0.465070,,0.4266,0
2024,2024-08-05,746276,BOS,KC,5bc6033b0043745729502a49f3031123,2024-08-06T00:10:00Z,2024-08-05T23:05:38Z,fanduel,-146,114,3,0.547023,0.559487,0.4354,0
2024,2024-08-06,745629,CWS,OAK,2cb27bc58bb724d62d071598f7823093,2024-08-07T01:41:00Z,2024-08-07T00:40:38Z,fanduel,-108,-118,3,0.486392,0.489602,0.4148,0
2024,2024-08-06,747086,MIL,ATL,2dde33b6cc86ef2d917e1e90d5d39c00,2024-08-06T23:21:00Z,2024-08-06T22:20:38Z,fanduel,-113,-113,4,0.509462,0.500000,0.4182,3
2024,2024-08-07,744903,BAL,TOR,ce77b02dc0fd03dfc1558ad0588f0e55,2024-08-07T23:08:00Z,2024-08-07T22:05:38Z,fanduel,-111,-115,3,0.512193,0.495845,0.4355,3
2024,2024-08-07,746602,ARI,CLE,7ea5e4222d69ef9b4b96cf443e999ae4,2024-08-07T20:11:00Z,2024-08-07T19:10:38Z,fanduel,-111,-115,2,0.487770,0.495845,0.4161,0
2024,2024-08-08,745466,SD,PIT,d1c026e6f277f83de51b85bf829c3543,2024-08-08T16:36:00Z,2024-08-08T15:35:38Z,fanduel,-120,-106,5,0.499162,0.514571,0.4368,2
2024,2024-08-08,747081,MIL,ATL,35f39f179c35075f4e3d6b88095a8c1f,2024-08-08T16:21:00Z,2024-08-08T15:20:38Z,fanduel,-118,-108,5,0.502490,0.510398,0.4205,3
2024,2024-08-09,745062,BAL,TB,bec6022a7568dc0bed2438537ccf0e35,2024-08-09T22:51:00Z,2024-08-09T21:50:38Z,fanduel,100,-128,4,0.464416,0.471074,0.4289,1
2024,2024-08-09,745308,DET,SF,950c966f7837605b08958bdaebec899b,2024-08-10T02:16:00Z,2024-08-10T01:15:39Z,fanduel,104,-132,5,0.461026,0.462815,0.4207,0
2024,2024-08-09,745871,CLE,MIN,08040d85767bf33a2c88e6f9f48d789c,2024-08-10T00:11:00Z,2024-08-09T23:10:38Z,fanduel,-113,-113,4,0.476342,0.500000,0.4474,1
2024,2024-08-09,746032,SD,MIA,2129cbde22ffed922e4a6661bb4d8b22,2024-08-09T23:11:00Z,2024-08-09T22:10:39Z,fanduel,106,-132,5,0.478811,0.460391,0.4313,0
2024,2024-08-09,746275,STL,KC,6a07e72a88f940466534c608eaca3b33,2024-08-10T00:11:00Z,2024-08-09T23:10:38Z,fanduel,-104,-122,4,0.496533,0.481241,0.4378,2
2024,2024-08-09,746760,CHC,CWS,9bc92b08af61d9e59bcc3306aa978277,2024-08-10T00:11:00Z,2024-08-09T23:10:38Z,fanduel,100,-128,5,0.449264,0.471074,0.4262,3
2024,2024-08-09,746927,HOU,BOS,2de0883bc1890c9f9325cfb9849c332a,2024-08-09T23:11:00Z,2024-08-09T22:10:39Z,fanduel,-125,-102,4,0.527111,0.523859,0.4359,1
2024,2024-08-10,744820,LAA,WSH,37b1adca862a9fe27829ec95c18d94b0,2024-08-10T22:46:00Z,2024-08-10T21:45:38Z,fanduel,-111,-115,4,0.516766,0.495845,0.4489,0
2024,2024-08-10,745708,TEX,NYY,5b486478db26d308e0bd4739cf509c92,2024-08-10T20:06:00Z,2024-08-10T19:05:38Z,fanduel,-122,-104,4,0.512378,0.518759,0.4393,0
2024,2024-08-10,746026,SD,MIA,8d80db22ab8889e8e21612aef6606ffc,2024-08-10T20:10:00Z,2024-08-10T19:05:38Z,fanduel,-120,-106,4,0.498195,0.514571,0.4172,1
2024,2024-08-10,746112,PIT,LAD,b5471a8a242c9de165319582f91de2d8,2024-08-11T01:11:00Z,2024-08-11T00:10:38Z,fanduel,112,-142,5,0.455673,0.445639,0.4142,1
2024,2024-08-10,747164,PHI,ARI,0a411c847de047ea335fa489b8987222,2024-08-11T00:11:00Z,2024-08-10T23:10:38Z,fanduel,-115,-111,4,0.487244,0.504155,0.4491,1
2024,2024-08-11,745303,DET,SF,cd8ed2e3349198286866589d6e686044,2024-08-11T20:06:00Z,2024-08-11T19:05:37Z,fanduel,100,-128,5,0.475300,0.471074,0.4411,3
2024,2024-08-11,747166,PHI,ARI,d3cb1bcef38edf5d84da9fa313a183d6,2024-08-11T20:11:00Z,2024-08-11T19:10:37Z,fanduel,-115,-111,4,0.502715,0.504155,0.4367,3
2024,2024-08-13,745055,HOU,TB,ed4aa4bccf8fbfa7b4029801415bf4f2,2024-08-13T22:51:00Z,2024-08-13T21:50:38Z,fanduel,-104,-122,3,0.475116,0.481241,0.4333,0
2024,2024-08-13,745302,ATL,SF,0c379ecda5467def480313d43d26292f,2024-08-14T01:45:00Z,2024-08-14T00:40:40Z,fanduel,-115,-111,4,0.488644,0.504155,0.4209,0
2024,2024-08-13,745548,MIA,PHI,7bf543d9c303f1fdb88db84df1037193,2024-08-13T22:41:00Z,2024-08-13T21:40:38Z,fanduel,-138,108,3,0.528550,0.546701,0.4332,2
2024,2024-08-13,745788,OAK,NYM,8a868092a2dc47705702fe415bc144df,2024-08-13T23:11:00Z,2024-08-13T22:10:38Z,fanduel,-122,-104,2,0.504319,0.518759,0.4486,3
2024,2024-08-13,746601,CHC,CLE,c60136857ef710016ae7c1eb693d430d,2024-08-13T22:41:00Z,2024-08-13T21:40:38Z,fanduel,-118,-108,3,0.495338,0.510398,0.4291,0
2024,2024-08-14,745053,HOU,TB,f27ce02f273c76ae382902690904849d,2024-08-14T22:51:00Z,2024-08-14T21:50:38Z,fanduel,-104,-122,4,0.483726,0.481241,0.4323,0
2024,2024-08-14,745301,ATL,SF,fde719f5449975da1d3c0a2fec588e76,2024-08-15T01:46:00Z,2024-08-15T00:45:38Z,fanduel,102,-130,3,0.458236,0.466910,0.4419,6
2024,2024-08-14,745790,OAK,NYM,472811524f11ec9c8c6793286baab450,2024-08-14T23:11:00Z,2024-08-14T22:10:38Z,fanduel,-104,-122,3,0.485132,0.481241,0.4207,0
2024,2024-08-16,745054,ARI,TB,57eac9ca7a55b688bbb7a487471d00e9,2024-08-16T22:51:00Z,2024-08-16T21:50:38Z,fanduel,102,-130,4,0.478705,0.466910,0.4322,2
2024,2024-08-17,745049,ARI,TB,8449228133d9d915974986f4001c4144,2024-08-17T20:11:00Z,2024-08-17T19:10:38Z,fanduel,104,-132,5,0.456548,0.462815,0.4186,2
2024,2024-08-18,746838,TOR,CHC,2187726d7489d29528544b52fcdfc068,2024-08-18T18:21:00Z,2024-08-18T17:20:37Z,fanduel,106,-136,5,0.452998,0.457223,0.448,0
2024,2024-08-19,745620,TB,OAK,1f0b97e011aeae734603c10da5fc54e5,2024-08-20T01:41:00Z,2024-08-20T00:40:38Z,fanduel,112,-142,5,0.446862,0.445639,0.414,2
2024,2024-08-19,745780,BAL,NYM,66bfa0f6c64ebc0680d3858b97bc52e7,2024-08-19T23:11:00Z,2024-08-19T22:10:38Z,fanduel,-118,-108,5,0.508942,0.510398,0.4383,2
2024,2024-08-20,745707,CLE,NYY,483f389e179eaa06caffa1482ef1475b,2024-08-20T23:06:00Z,2024-08-20T22:05:38Z,fanduel,-113,-113,4,0.486102,0.500000,0.4273,2
2024,2024-08-20,746839,DET,CHC,eb1a1e0443104ecad9086799d2d48555,2024-08-21T00:06:00Z,2024-08-20T23:05:38Z,fanduel,-102,-125,5,0.466312,0.476141,0.4234,0
2024,2024-08-21,745704,CLE,NYY,bab0fcde6a00a2ec90ed9fed559de40f,2024-08-21T23:06:00Z,2024-08-21T22:05:38Z,fanduel,-122,-104,4,0.510551,0.518759,0.4409,2
2024,2024-08-21,745781,BAL,NYM,3b33cb4b30fdf3ac04c0866763156b9c,2024-08-21T17:11:00Z,2024-08-21T16:10:39Z,fanduel,-108,-118,4,0.491017,0.489602,0.4252,0
2024,2024-08-21,746028,ARI,MIA,ae02c05e66739e11680017bc89d4e750,2024-08-21T22:41:00Z,2024-08-21T21:40:39Z,fanduel,-125,-102,4,0.511826,0.523859,0.4412,3
2024,2024-08-21,746110,SEA,LAD,bc34246ce260954d2ae3dd0b872d4695,2024-08-22T02:11:00Z,2024-08-22T01:10:39Z,fanduel,104,-132,5,0.460690,0.462815,0.4292,0
2024,2024-08-21,747084,PHI,ATL,60189520c9aa73eaf36611258b5ebc97,2024-08-21T23:21:00Z,2024-08-21T22:20:40Z,fanduel,-102,-125,4,0.472764,0.476141,0.4383,0
2024,2024-08-22,744815,COL,WSH,4d847b221cfcc6c00b71ff8ee33b712d,2024-08-22T17:06:00Z,2024-08-22T16:05:38Z,fanduel,-108,-118,4,0.501254,0.489602,0.4441,0
2024,2024-08-22,745623,TB,OAK,3240acfe31165d846e277ee29ba61846,2024-08-22T19:38:00Z,2024-08-22T18:35:39Z,fanduel,118,-150,5,0.448136,0.433276,0.446,0
2024,2024-08-22,745705,CLE,NYY,9f354a2fa78c9cbd79dc0cf8399db7c6,2024-08-22T17:06:00Z,2024-08-22T16:05:38Z,fanduel,-113,-113,4,0.486102,0.500000,0.4333,0
2024,2024-08-23,744889,LAA,TOR,295367001f24565b5e3703243d32eb34,2024-08-23T23:08:00Z,2024-08-23T22:05:39Z,fanduel,-113,-113,4,0.506461,0.500000,0.4415,0
2024,2024-08-23,745378,NYM,SD,46d2c575552244ad1fc3771d3a5675f2,2024-08-24T01:40:00Z,2024-08-24T00:35:39Z,fanduel,100,-128,5,0.466168,0.471074,0.4147,1
2024,2024-08-23,745625,MIL,OAK,628f2f5f124d7cc5355cde7c3792b2e1,2024-08-24T01:40:00Z,2024-08-24T00:35:39Z,fanduel,104,-132,5,0.451986,0.462815,0.4203,1
2024,2024-08-23,746024,CHC,MIA,6ec8b88be71266dde1edf5081e51c2ff,2024-08-23T23:11:00Z,2024-08-23T22:10:39Z,fanduel,-113,-113,4,0.485632,0.500000,0.4203,0
2024,2024-08-24,745457,CIN,PIT,532c701ed1a19f3b1f66c559b23ba760,2024-08-24T22:41:00Z,2024-08-24T21:40:39Z,fanduel,-118,-108,4,0.496666,0.510398,0.4273,4
2024,2024-08-24,745617,MIL,OAK,925ca331889a49a940f6e164eb913d47,2024-08-24T20:08:00Z,2024-08-24T19:05:39Z,fanduel,100,-128,5,0.467651,0.471074,0.4221,1
2024,2024-08-24,747077,WSH,ATL,f07d795edc42d61e3c6bd049c1f6e967,2024-08-24T23:21:00Z,2024-08-24T22:20:38Z,fanduel,-115,-111,5,0.486544,0.504155,0.4356,0
2024,2024-08-25,746023,CHC,MIA,3463613e56ee297b918f2350a8b2026d,2024-08-25T17:41:00Z,2024-08-25T16:40:38Z,fanduel,-122,-104,4,0.516227,0.518759,0.4492,2
2024,2024-08-26,745133,SD,STL,df8c27a0547126a17d76d770fb5903fe,2024-08-26T23:46:00Z,2024-08-26T22:45:39Z,fanduel,-115,-111,4,0.514936,0.504155,0.4232,2
2024,2024-08-26,746596,KC,CLE,a85bc550ed43ed15e10b5db00bfd78c4,2024-08-26T22:41:00Z,2024-08-26T21:40:38Z,fanduel,-128,100,2,0.519524,0.528926,0.4405,3
2024,2024-08-26,746915,TOR,BOS,e74430187fa9a3260f0825a5d2c0c7a2,2024-08-26T23:10:00Z,2024-08-26T22:05:38Z,fanduel,-113,-113,5,0.505365,0.500000,0.446,0
2024,2024-08-27,744811,NYY,WSH,95d95d0edcea1d1a6dfae13e5394d76e,2024-08-27T22:45:00Z,2024-08-27T21:40:38Z,fanduel,-132,104,4,0.518950,0.537185,0.4261,0
2024,2024-08-27,745540,HOU,PHI,58376d01dd78c6cedc59c2a5e1d8555b,2024-08-27T22:40:00Z,2024-08-27T21:35:38Z,fanduel,-118,-108,4,0.501199,0.510398,0.4455,0
2024,2024-08-27,746429,LAA,DET,5857601cc06c5511e2a39127fe559174,2024-08-27T22:40:00Z,2024-08-27T21:35:38Z,fanduel,-122,-104,4,0.515720,0.518759,0.448,1
2024,2024-08-28,745541,HOU,PHI,6ca9a579e9b4069c70da3e7403946b6d,2024-08-28T20:05:00Z,2024-08-28T19:00:39Z,fanduel,-148,116,4,0.547533,0.563134,0.4396,1
2024,2024-08-28,746913,TOR,BOS,02d7435d9155037812c488ef0ad7e61a,2024-08-28T23:10:00Z,2024-08-28T22:05:38Z,fanduel,-115,-111,4,0.499731,0.504155,0.4387,1
2024,2024-08-28,747161,NYM,ARI,b1e3ec4d5247613b759575a12ba973f9,2024-08-29T01:41:00Z,2024-08-29T00:40:39Z,fanduel,-118,-108,4,0.499491,0.510398,0.4318,0
2024,2024-08-29,745531,ATL,PHI,7b410ba1f0c31367024829f053f500a8,2024-08-29T22:41:00Z,2024-08-29T21:40:39Z,fanduel,-108,-118,4,0.487771,0.489602,0.4413,0
2024,2024-08-29,746748,TEX,CWS,0fe74948ab843283a45aa5d184ad5e27,2024-08-29T18:11:00Z,2024-08-29T17:10:39Z,fanduel,-102,-125,5,0.485611,0.476141,0.43,0
2024,2024-08-30,745052,SD,TB,3e9d3b81f3c731bcf8bd9db476228fdb,2024-08-30T22:51:00Z,2024-08-30T21:50:39Z,fanduel,114,-146,5,0.457615,0.440513,0.4344,3
2024,2024-08-30,745700,STL,NYY,2c823ae299338aea83938a1021f95923,2024-08-30T23:06:00Z,2024-08-30T22:05:39Z,fanduel,-122,-104,4,0.510780,0.518759,0.4251,0
2024,2024-08-30,746184,SEA,LAA,eef976d399943bb20440e78d645d44bb,2024-08-31T01:39:00Z,2024-08-31T00:35:39Z,fanduel,100,-128,4,0.475495,0.471074,0.4211,7
2024,2024-08-30,746593,PIT,CLE,3fec2930056e0878d73cccb86e83607f,2024-08-30T23:11:00Z,2024-08-30T22:10:39Z,fanduel,-125,-102,4,0.524207,0.523859,0.4191,2
2024,2024-08-30,746665,MIL,CIN,69851784aec11598b4a9132d593b0c0a,2024-08-30T22:41:00Z,2024-08-30T21:40:39Z,fanduel,-111,-115,5,0.514490,0.495845,0.4304,0
2024,2024-08-30,747156,LAD,ARI,f3856c23fcaed25901c545db08d50f4c,2024-08-31T01:41:00Z,2024-08-31T00:40:39Z,fanduel,-113,-113,4,0.490993,0.500000,0.4148,4
2024,2024-08-31,745296,MIA,SF,03134291ba7c1077a16600da49fb8b07,2024-09-01T01:06:00Z,2024-09-01T00:05:38Z,fanduel,-102,-125,5,0.470910,0.476141,0.4162,0
2024,2024-08-31,745699,STL,NYY,1939f1a326458aaa4dfd5beefe031b04,2024-08-31T17:06:00Z,2024-08-31T16:05:38Z,fanduel,-138,108,5,0.521089,0.546701,0.4418,0
2024,2024-08-31,746751,NYM,CWS,f81e9968f9a5bd7c57f9219d1f825dd2,2024-08-31T23:11:00Z,2024-08-31T22:10:38Z,fanduel,-120,-106,4,0.503643,0.514571,0.4232,3
2024,2024-09-01,745292,MIA,SF,cdb8b41ee0ab984ae6b5cbe46422c594,2024-09-01T20:06:00Z,2024-09-01T19:05:37Z,fanduel,110,-140,4,0.444820,0.449438,0.4266,1
2024,2024-09-01,746183,SEA,LAA,f7db5da3c8aed59e8c535463d5dd3627,2024-09-01T20:08:00Z,2024-09-01T19:05:37Z,fanduel,-102,-125,4,0.490789,0.476141,0.4486,1
2024,2024-09-01,746347,KC,HOU,28a3fc53605d180fe40de9a359a22acb,2024-09-01T18:11:00Z,2024-09-01T17:10:37Z,fanduel,-118,-108,3,0.506476,0.510398,0.4471,0
2024,2024-09-01,746592,PIT,CLE,2c162cb34edf9d993dd4c6b512a2db1d,2024-09-01T17:41:00Z,2024-09-01T16:40:37Z,fanduel,-113,-113,4,0.474537,0.500000,0.4249,2
2024,2024-09-02,745046,MIN,TB,62728d28d14bb35560833d52819b2aab,2024-09-02T22:51:00Z,2024-09-02T21:50:38Z,fanduel,108,-136,5,0.472197,0.454826,0.428,3
2024,2024-09-03,744891,PHI,TOR,0ae3194472fe35f7e0eefb2ec39f9b3b,2024-09-03T23:08:00Z,2024-09-03T22:05:38Z,fanduel,-128,100,4,0.513615,0.528926,0.4369,7
2024,2024-09-03,746020,WSH,MIA,6770e41f983f2772b72fd21a05a21e8c,2024-09-03T22:41:00Z,2024-09-03T21:40:38Z,fanduel,-111,-115,4,0.488085,0.495845,0.4483,0
2024,2024-09-04,745045,MIN,TB,f157c038b612ab4c662edc79d25e5142,2024-09-04T22:50:00Z,2024-09-04T21:45:38Z,fanduel,-106,-120,4,0.480659,0.485429,0.4481,0
2024,2024-09-04,745370,DET,SD,c3070834c093068c8418a3761cc73ca0,2024-09-05T01:41:00Z,2024-09-05T00:40:38Z,fanduel,-113,-113,3,0.482010,0.500000,0.4464,1
2024,2024-09-04,745614,SEA,OAK,13fdf74171148aa136b4d46c648f6bd8,2024-09-05T01:41:00Z,2024-09-05T00:40:38Z,fanduel,100,-128,4,0.462058,0.471074,0.4343,1
2024,2024-09-04,746019,WSH,MIA,16e823707c2665e98bd4feca172bb8d0,2024-09-04T22:41:00Z,2024-09-04T21:40:38Z,fanduel,-115,-111,4,0.491756,0.504155,0.4493,0
2024,2024-09-04,747075,COL,ATL,a35b52e46d693223f2fb2ac7760bdb0a,2024-09-04T23:21:00Z,2024-09-04T22:20:38Z,fanduel,-111,-115,4,0.510616,0.495845,0.4329,4
2024,2024-09-05,745289,ARI,SF,a216febc9a49737efee976d0b50b62f9,2024-09-05T19:46:00Z,2024-09-05T18:45:38Z,fanduel,100,-128,5,0.457562,0.471074,0.4301,2
2024,2024-09-05,745612,SEA,OAK,f214b86447f6efb3c69e13b3b1ad1d51,2024-09-05T19:38:00Z,2024-09-05T18:35:38Z,fanduel,-102,-125,5,0.474043,0.476141,0.4455,2
2024,2024-09-06,744967,LAA,TEX,283584015b5e6eaabdbe60195feeea88,2024-09-07T00:06:00Z,2024-09-06T23:05:40Z,fanduel,-122,-104,4,0.511151,0.518759,0.4438,0
2024,2024-09-06,746832,NYY,CHC,3413c90bbd6e0a57078c1de7e898542a,2024-09-06T18:21:00Z,2024-09-06T17:20:38Z,fanduel,-102,-125,5,0.463902,0.476141,0.4437,0
2024,2024-09-07,745613,DET,OAK,fae0185359747103220712ed29bb3fb8,2024-09-07T20:08:00Z,2024-09-07T19:05:38Z,fanduel,-102,-125,5,0.474749,0.476141,0.4351,0
2024,2024-09-07,747076,TOR,ATL,4f7e736ccf5e630946eb02ee9b51d9de,2024-09-07T23:21:00Z,2024-09-07T22:20:38Z,fanduel,102,-130,4,0.468894,0.466910,0.4476,0
2024,2024-09-08,745774,CIN,NYM,f2a68d4be12c325da8ffa4bb395badb2,2024-09-08T17:41:00Z,2024-09-08T16:40:38Z,fanduel,-122,-104,5,0.490432,0.518759,0.4172,0
2024,2024-09-08,746017,PHI,MIA,7be78609f3c85aca1547af65310ae53e,2024-09-08T17:41:00Z,2024-09-08T16:40:38Z,fanduel,-106,-120,4,0.489896,0.485429,0.4489,2
2024,2024-09-09,744888,NYM,TOR,4e9638fbfca55fa6b2034279aa932fe7,2024-09-09T23:08:00Z,2024-09-09T22:05:38Z,fanduel,-113,-113,5,0.498660,0.500000,0.4283,0
2024,2024-09-09,745534,TB,PHI,374568b8c135f19ea355b9447d2b6fb5,2024-09-09T22:41:00Z,2024-09-09T21:40:38Z,fanduel,-113,-113,4,0.480232,0.500000,0.4408,0
2024,2024-09-09,746909,BAL,BOS,bd5eb924230a7c17e7786826dad5caf8,2024-09-09T23:11:00Z,2024-09-09T22:10:38Z,fanduel,-122,-104,4,0.509751,0.518759,0.4197,2
2024,2024-09-09,747090,CIN,ATL,fe6889419a2b033631e970a822593957,2024-09-09T22:41:00Z,2024-09-09T21:40:38Z,fanduel,-108,-115,5,0.488014,0.492575,0.4281,0
2024,2024-09-10,745291,MIL,SF,c52201f75d36669592cd9e52d0332840,2024-09-11T01:46:00Z,2024-09-11T00:45:40Z,fanduel,102,-130,5,0.456724,0.466910,0.4401,3
2024,2024-09-10,745446,MIA,PIT,5d84fc9b16b033ab36efe9379f3eedf8,2024-09-10T22:40:00Z,2024-09-10T21:35:39Z,fanduel,-113,-113,4,0.491653,0.500000,0.4364,2
2024,2024-09-10,746097,CHC,LAD,ce720d89e346aaf8e94f02625fc70292,2024-09-11T02:11:00Z,2024-09-11T01:10:38Z,fanduel,104,-132,5,0.466130,0.462815,0.4205,0
2024,2024-09-10,746907,BAL,BOS,5dccc437a313faf2b739450b40757417,2024-09-10T23:11:00Z,2024-09-10T22:10:39Z,fanduel,-120,-106,5,0.503076,0.514571,0.4138,1
2024,2024-09-11,745285,MIL,SF,89be22e47926dfe82918c990b144addf,2024-09-12T01:46:00Z,2024-09-12T00:45:39Z,fanduel,106,-136,5,0.444592,0.457223,0.415,4
2024,2024-09-11,747154,TEX,ARI,f1ff527248c2844baed447208e27c57f,2024-09-11T19:41:00Z,2024-09-11T18:40:39Z,fanduel,-111,-115,4,0.497654,0.495845,0.4437,3
2024,2024-09-12,745288,MIL,SF,42ab7e5ba0533b019de9878bed36b89d,2024-09-13T01:46:00Z,2024-09-13T00:45:39Z,fanduel,-102,-125,5,0.461916,0.476141,0.4485,0
2024,2024-09-12,745695,BOS,NYY,5dfd7ecdd0911eea17ddeb44db246522,2024-09-12T23:16:00Z,2024-09-12T22:15:38Z,fanduel,-122,-104,5,0.517217,0.518759,0.4494,1
2024,2024-09-13,745447,KC,PIT,877a82e6d97ed43c7b68bd49340bcad2,2024-09-13T22:41:00Z,2024-09-13T21:40:39Z,fanduel,-115,-111,4,0.488644,0.504155,0.4251,0
2024,2024-09-13,746181,HOU,LAA,282382eb050bd41b9d3d812f390e95e8,2024-09-14T01:39:00Z,2024-09-14T00:35:39Z,fanduel,-111,-115,4,0.492500,0.495845,0.4163,0
2024,2024-09-13,747069,LAD,ATL,a8178e585b597e29f9ed2d98a39ce04d,2024-09-13T23:21:00Z,2024-09-13T22:20:39Z,fanduel,-113,-113,4,0.500801,0.500000,0.4456,1
2024,2024-09-13,747153,MIL,ARI,8fd702cd276421724c2e0f27a042f878,2024-09-14T01:41:00Z,2024-09-14T00:40:39Z,fanduel,-111,-115,4,0.487789,0.495845,0.4279,1
2024,2024-09-14,744803,MIA,WSH,5c8eae52d38421616b896e72d3391923,2024-09-14T20:06:00Z,2024-09-14T19:05:38Z,fanduel,-118,-108,4,0.503907,0.510398,0.4283,0
2024,2024-09-14,745528,NYM,PHI,d5a57bc40a15c92ac91669634846acaf,2024-09-14T20:06:00Z,2024-09-14T19:05:38Z,fanduel,-113,-113,4,0.492962,0.500000,0.4374,1
2024,2024-09-14,745689,BOS,NYY,911e71524e79fafc7085be0315917c08,2024-09-14T17:06:00Z,2024-09-14T16:05:38Z,fanduel,-111,-115,4,0.491853,0.495845,0.4424,0
2024,2024-09-14,746740,OAK,CWS,54440f61cf0ba648e859814e194c6a93,2024-09-14T23:11:00Z,2024-09-14T22:10:38Z,fanduel,-106,-120,4,0.486626,0.485429,0.4358,0
2024,2024-09-14,747148,MIL,ARI,ea67fabcc517aea67ce3c400eae7fa2f,2024-09-15T00:11:00Z,2024-09-14T23:10:38Z,fanduel,-115,-111,4,0.492320,0.504155,0.4423,1
2024,2024-09-15,745530,NYM,PHI,b546260a5513c40738084967ad8cf560,2024-09-15T17:36:00Z,2024-09-15T16:35:38Z,fanduel,100,-128,4,0.471143,0.471074,0.4274,0
2024,2024-09-15,745693,BOS,NYY,d7ec5b23c36f4c4bcd9f86c68eba6192,2024-09-15T17:36:00Z,2024-09-15T16:35:38Z,fanduel,-102,-125,5,0.477908,0.476141,0.4426,0
2024,2024-09-15,746419,BAL,DET,e0dd7fbc13c056ccc78d68e8656cad08,2024-09-15T16:11:00Z,2024-09-15T15:10:37Z,fanduel,-113,-113,3,0.487854,0.500000,0.4358,0
2024,2024-09-16,746179,CWS,LAA,066caeab5fb23fb96dc3a734fa7deca0,2024-09-17T01:38:00Z,2024-09-17T00:35:39Z,fanduel,116,-148,5,0.452355,0.436866,0.4296,3
2024,2024-09-17,745044,BOS,TB,d005e60ce9d7f589f802409eb0265d30,2024-09-17T22:51:00Z,2024-09-17T21:50:39Z,fanduel,-111,-115,4,0.473918,0.495845,0.4379,0
2024,2024-09-17,745122,PIT,STL,585aec7628e5a3f46e140280e7d191f9,2024-09-17T23:46:00Z,2024-09-17T22:45:39Z,fanduel,-104,-122,4,0.478037,0.481241,0.4394,0
2024,2024-09-17,746587,MIN,CLE,12d45c2e4d4def980aba9b396bedf55e,2024-09-17T22:41:00Z,2024-09-17T21:40:39Z,fanduel,-113,-113,4,0.489817,0.500000,0.438,0
2024,2024-09-17,746830,OAK,CHC,90582ba67ffe7933bd7923f8833fe171,2024-09-17T23:41:00Z,2024-09-17T22:40:39Z,fanduel,-106,-120,4,0.486250,0.485429,0.4397,2
2024,2024-09-18,745040,BOS,TB,64c573ab69ea638f54402711c49b9d9a,2024-09-18T22:51:00Z,2024-09-18T21:50:39Z,fanduel,102,-130,5,0.462385,0.466910,0.4419,0
2024,2024-09-18,745121,PIT,STL,f0892db089193e5edd51d1eaab123295,2024-09-18T23:46:00Z,2024-09-18T22:45:39Z,fanduel,100,-128,5,0.469418,0.471074,0.4314,0
2024,2024-09-18,746014,LAD,MIA,89f51b359517d01bb3aa866f2f03a4e1,2024-09-18T22:41:00Z,2024-09-18T21:40:39Z,fanduel,-128,100,4,0.514892,0.528926,0.4426,0
2024,2024-09-19,745041,BOS,TB,49ce3e006fe5b8224a0138d69b9a3628,2024-09-19T22:51:00Z,2024-09-19T21:50:39Z,fanduel,-102,-125,5,0.462038,0.476141,0.4275,0
2024,2024-09-19,745769,PHI,NYM,e9a3abbd7d4b3c6748ebe9fdb71f4452,2024-09-19T23:16:00Z,2024-09-19T22:15:39Z,fanduel,-122,-104,5,0.493270,0.518759,0.4466,2
2024,2024-09-19,746823,WSH,CHC,b435ac5d3666ebe0d8e3b8595a1c29d1,2024-09-19T23:41:00Z,2024-09-19T22:40:39Z,fanduel,-111,-115,4,0.491417,0.495845,0.4266,2
2024,2024-09-20,745043,TOR,TB,b003be8a18a7e7b83ecf98a9178b4be3,2024-09-20T22:51:00Z,2024-09-20T21:50:39Z,fanduel,-104,-120,4,0.469660,0.483108,0.4243,0
2024,2024-09-20,745606,NYY,OAK,5b958e10c8bc9b16c8ab18d0ee32e69b,2024-09-21T01:41:00Z,2024-09-21T00:40:39Z,fanduel,-113,-113,4,0.482482,0.500000,0.4424,0
2024,2024-09-20,746905,MIN,BOS,a2fb4302152846856bc2baa8ae2571f8,2024-09-20T23:11:00Z,2024-09-20T22:10:39Z,fanduel,-113,-113,4,0.485187,0.500000,0.4454,0
2024,2024-09-21,745038,TOR,TB,052ec7cec7981141ac30b68b5c8bd2f1,2024-09-21T20:11:00Z,2024-09-21T19:10:39Z,fanduel,-102,-125,5,0.465174,0.476141,0.4467,0
2024,2024-09-21,745360,CWS,SD,69016e7902577e809927bb81d4b066e2,2024-09-22T00:41:00Z,2024-09-21T23:40:38Z,fanduel,-113,-113,5,0.493255,0.500000,0.4244,0
2024,2024-09-22,745608,NYY,OAK,d5ad40b81098935f557b94c2b4b0ff50,2024-09-22T20:08:00Z,2024-09-22T19:05:38Z,fanduel,-115,-111,4,0.492047,0.504155,0.4298,2
2024,2024-09-22,746010,ATL,MIA,15d40be7f766dedf32716b6728ba8485,2024-09-22T17:41:00Z,2024-09-22T16:40:38Z,fanduel,-130,102,3,0.512773,0.533090,0.4351,1
2024,2024-09-22,746906,MIN,BOS,aac9c87eb2c119779e7fed6e235db1b0,2024-09-22T21:35:00Z,2024-09-22T20:30:38Z,fanduel,104,-132,4,0.459313,0.462815,0.4176,0
2024,2024-09-23,747150,SF,ARI,c4b874cffbbc81ae41e455358e14453c,2024-09-24T01:41:00Z,2024-09-24T00:40:39Z,fanduel,-113,-113,4,0.501814,0.500000,0.4241,1
2024,2024-09-24,745688,BAL,NYY,b39ed7f545b2a3f93600a66446ba54cc,2024-09-24T23:06:00Z,2024-09-24T22:05:39Z,fanduel,-104,-122,4,0.471737,0.481241,0.4437,0
2024,2024-09-24,747149,SF,ARI,9fa4d51276463e4d68c7b6a3192ebce2,2024-09-25T01:41:00Z,2024-09-25T00:40:39Z,fanduel,-102,-125,4,0.466170,0.476141,0.4189,0
2024,2024-09-25,745521,CHC,PHI,86b445d5a1acdb382c59c45b1e4afc95,2024-09-25T22:06:00Z,2024-09-25T21:05:39Z,fanduel,-106,-120,5,0.473888,0.485429,0.438,3
2024,2024-09-25,745690,BAL,NYY,60e1937bd0bbcc9ab4c4a6c27cbad2c6,2024-09-25T23:06:00Z,2024-09-25T22:05:39Z,fanduel,-104,-122,4,0.465856,0.481241,0.4182,3
2024,2024-09-25,746095,SD,LAD,ae1c7c2b3fd13ee3b92cee723beeadd0,2024-09-26T02:11:00Z,2024-09-26T01:10:39Z,fanduel,100,-128,5,0.455863,0.471074,0.4494,1
2024,2024-09-26,745609,TEX,OAK,604611190c0148174d75fc34d2561221,2024-09-26T19:37:00Z,2024-09-26T18:35:39Z,fanduel,102,-130,4,0.462572,0.466910,0.4457,0
2024,2024-09-27,745280,STL,SF,6697876ae5860656b9d2775c35ca8250,2024-09-28T02:16:00Z,2024-09-28T01:15:39Z,fanduel,102,-130,5,0.453486,0.466910,0.4176,1
2024,2024-09-27,746417,CWS,DET,0ca9f2e4c7894eadbe90c20fa7443543,2024-09-27T22:41:00Z,2024-09-27T21:40:39Z,fanduel,114,-146,5,0.437637,0.440513,0.4455,0
2024,2024-09-27,746822,CIN,CHC,fa8e72393e30cca491c4a69f53e2655d,2024-09-27T18:21:00Z,2024-09-27T17:20:39Z,fanduel,124,-160,4,0.404481,0.420440,0.4379,0
2024,2024-09-27,747145,SD,ARI,2a489e30c603ef932bbddc77b15e14b4,2024-09-28T01:41:00Z,2024-09-28T00:40:39Z,fanduel,-125,-102,4,0.496116,0.523859,0.4349,6
2024,2024-09-28,746171,TEX,LAA,b4a765021ea77b10dc50b8fa159da504,2024-09-29T01:38:00Z,2024-09-29T00:35:38Z,fanduel,108,-136,5,0.467068,0.454826,0.4175,0
2024,2024-09-29,747147,SD,ARI,c4238c05c0d7119e10a834bd4614017f,2024-09-29T19:10:00Z,2024-09-29T18:05:38Z,fanduel,-122,-104,3,0.494107,0.518759,0.4278,0
2025,2025-04-01,778497,NYM,MIA,c1dec185eb5a92602120e6c1abfc3864,2025-04-01T22:40:00Z,2025-04-01T21:35:39Z,fanduel,116,-148,5,0.424425,0.436866,0.4184,2
2025,2025-04-09,778381,SD,OAK,55ed1386d41fc2a01ceff83186791b10,2025-04-09T19:35:00Z,2025-04-09T18:30:38Z,fanduel,-113,-113,4,0.525837,0.500000,0.4253,0
2025,2025-04-11,778358,NYM,OAK,a41eb6801e06f281ca4db8f02b49a8b8,2025-04-12T02:05:00Z,2025-04-12T01:00:39Z,fanduel,-111,-115,5,0.520040,0.495845,0.445,0
2025,2025-04-12,778352,COL,SD,9d50919466bee6461e872169c1d26945,2025-04-13T00:40:00Z,2025-04-12T23:35:38Z,fanduel,-106,-120,3,0.486720,0.485429,0.4429,1
2025,2025-04-12,778354,WSH,MIA,13c45ae0761310fef0cda1e4246a36e7,2025-04-12T20:10:00Z,2025-04-12T19:05:38Z,betmgm,105,-135,4,0.445711,,0.4296,0
2025,2025-04-13,778331,CHC,LAD,41d4e3df4571691521c22fb766950877,2025-04-13T23:11:00Z,2025-04-13T22:10:37Z,fanduel,-106,-120,4,0.509422,0.485429,0.439,0
2025,2025-04-13,778333,NYM,OAK,b32aa4a0e0e30263f1c36ae5980654ba,2025-04-13T20:05:00Z,2025-04-13T19:00:38Z,fanduel,-113,-113,4,0.489841,0.500000,0.4336,0
2025,2025-04-14,778324,NYM,MIN,1fec473df0aebb6096494b9248472c9d,2025-04-14T23:40:00Z,2025-04-14T22:35:38Z,fanduel,-108,-118,3,0.484525,0.489602,0.4327,0
2025,2025-04-14,778326,COL,LAD,f231fa84fceecec285e9f6b99f72afa1,2025-04-15T02:10:00Z,2025-04-15T01:05:38Z,fanduel,-115,-111,4,0.499234,0.504155,0.4402,2
2025,2025-04-17,778292,CLE,BAL,d56cf5d8994e7dd8c36f6d49ccf88f22,2025-04-17T22:35:00Z,2025-04-17T21:30:39Z,fanduel,-108,-118,4,0.480639,0.489602,0.4285,1
2025,2025-04-18,778284,MIN,ATL,4acc67f35b49625f71e9d7e2264d36d1,2025-04-18T23:10:00Z,2025-04-18T22:05:38Z,fanduel,-113,-113,5,0.491845,0.500000,0.4394,0
2025,2025-04-25,778176,PIT,LAD,b518b6e6321200be41e7214cbf9cfb86,2025-04-26T02:10:00Z,2025-04-26T01:05:38Z,fanduel,122,-156,5,0.419009,0.425023,0.423,1
2025,2025-04-29,778129,MIN,CLE,ebe2f83364db6de97b19ffc9c64972c4,2025-04-29T22:10:00Z,2025-04-29T21:10:39Z,fanduel,-106,-120,5,0.492001,0.485429,0.4462,0
2025,2025-05-01,778095,BOS,TOR,3adf1491ec73c6f0d0394ca1a6eda044,2025-05-01T23:07:00Z,2025-05-01T22:05:38Z,fanduel,-120,-106,5,0.500791,0.514571,0.4384,0
2025,2025-05-04,778054,CHC,MIL,809555aa34750c68219cc3b9b898e131,2025-05-04T18:10:00Z,2025-05-04T17:05:39Z,fanduel,102,-130,5,0.448316,0.466910,0.4196,0
2025,2025-05-04,778061,OAK,MIA,3ec7e45ca3920490709a3afa8f56c3f6,2025-05-04T17:40:00Z,2025-05-04T16:35:37Z,fanduel,-120,-106,3,0.513472,0.514571,0.4248,0
2025,2025-05-07,778017,LAD,MIA,f66647f630ecb13c6edf107b40d209ad,2025-05-07T20:40:00Z,2025-05-07T19:35:38Z,fanduel,-132,104,3,0.548234,0.537185,0.4412,0
2025,2025-05-10,777973,BAL,LAA,551133b660140cf1295181b8797bc18c,2025-05-11T01:38:00Z,2025-05-11T00:35:37Z,fanduel,-140,110,5,0.539545,0.550562,0.443,2
2025,2025-05-13,777930,ARI,SF,677160254521ac8b0ade4d4d228c9fcf,2025-05-14T01:45:00Z,2025-05-14T00:40:38Z,fanduel,100,-128,5,0.452577,0.471074,0.4158,3
2025,2025-05-14,777929,WSH,ATL,7097f15490db799f47fa154f06fb5ed4,2025-05-14T23:15:00Z,2025-05-14T22:10:38Z,fanduel,-125,-102,4,0.517412,0.523859,0.4475,1
2025,2025-05-18,777877,TB,MIA,c8ab8d94fbb504240ce30a7d8f8382f9,2025-05-18T17:40:00Z,2025-05-18T16:35:37Z,fanduel,-111,-115,4,0.493736,0.495845,0.4476,0
2025,2025-05-20,777838,ARI,LAD,fef0a170ab8fa7963aed5234e9f2b5b8,2025-05-21T02:11:00Z,2025-05-21T01:10:37Z,fanduel,-140,110,4,0.528008,0.550562,0.4171,0
2025,2025-05-22,777812,LAA,OAK,cce11cf5e22032a39a40cba5eb00beea,2025-05-22T19:35:00Z,2025-05-22T18:30:38Z,fanduel,-132,104,4,0.540401,0.537185,0.4393,2
2025,2025-06-08,777585,TOR,MIN,9fdc307e657c06c6085daf1837b0dd82,2025-06-08T18:11:00Z,2025-06-08T17:10:37Z,fanduel,-115,-111,2,0.504693,0.504155,0.4353,0
2025,2025-06-08,777589,SEA,LAA,2a67ebe495383564e15538e80dc7cb38,2025-06-08T20:08:00Z,2025-06-08T19:05:37Z,fanduel,-118,-108,4,0.513547,0.510398,0.4354,1
2025,2025-06-12,777532,STL,MIL,9388b3c02c9d2727e6d6fbc76c63861b,2025-06-12T23:41:00Z,2025-06-12T22:40:37Z,fanduel,118,-150,5,0.436632,0.433276,0.4434,0
2025,2025-06-12,777536,NYY,KC,fe7a49062646408338f92c564c8c5266,2025-06-12T23:41:00Z,2025-06-12T22:40:37Z,fanduel,-108,-118,4,0.488250,0.489602,0.4361,0
2025,2025-06-12,777540,DET,BAL,ccc1f22dc0d8695318d91c99af1e9ebb,2025-06-12T22:36:00Z,2025-06-12T21:35:37Z,fanduel,114,-146,5,0.441934,0.440513,0.4448,0
2025,2025-06-13,777531,TOR,PHI,07236539aad09d15d5f04df7df35c366,2025-06-13T22:46:00Z,2025-06-13T21:45:37Z,fanduel,-106,-120,5,0.464669,0.485429,0.4393,0
2025,2025-06-15,777500,NYY,BOS,71a7a4d929485173a722157a08cf4a62,2025-06-15T17:36:00Z,2025-06-15T16:35:37Z,fanduel,-104,-122,4,0.487332,0.481241,0.4194,1
2025,2025-06-20,777427,WSH,LAD,59bdff7006cd4b932e0bc237a8fd2795,2025-06-21T02:11:00Z,2025-06-21T01:10:37Z,fanduel,-102,-125,4,0.483457,0.476141,0.4316,1
2025,2025-06-22,777402,ATL,MIA,04a8c58323f01c48c395a235b95b48ff,2025-06-22T17:41:00Z,2025-06-22T16:40:37Z,fanduel,-113,-113,4,0.492149,0.500000,0.431,1
2025,2025-06-27,777342,PHI,ATL,bdf1f38327c8a5d2f9c61434b474ccf8,2025-06-27T23:16:00Z,2025-06-27T22:15:37Z,fanduel,-140,110,4,0.532515,0.550562,0.448,1
2025,2025-07-02,777267,CWS,LAD,65660f408127af445e7db0a6e01c94ee,2025-07-03T02:10:00Z,2025-07-03T01:05:38Z,fanduel,-132,104,4,0.524938,0.537185,0.4404,2
2025,2025-07-03,777253,CWS,LAD,68a8efeb85787711ad709cca300479ff,2025-07-04T02:11:00Z,2025-07-04T01:10:38Z,fanduel,-136,106,4,0.533114,0.542777,0.4449,1
2025,2025-07-03,777264,HOU,COL,22bf70dbb0981aa1ade730efb3137a16,2025-07-03T19:11:00Z,2025-07-03T18:10:37Z,fanduel,-148,116,3,0.561948,0.563134,0.433,4
2025,2025-07-04,777254,MIL,MIA,9c78c7169eac4ace6c9d3fe6be9a458c,2025-07-04T23:11:00Z,2025-07-04T22:10:37Z,fanduel,-102,-125,4,0.472151,0.476141,0.4438,1
2025,2025-07-07,777209,COL,BOS,393290ccb0ad2f1c26d8ab99820af9c7,2025-07-07T23:11:00Z,2025-07-07T22:10:37Z,fanduel,-128,-102,4,0.524334,0.526470,0.4446,0
2025,2025-07-10,777158,ARI,SD,33d6fcb403c17c7d1bd825e4bb20edf7,2025-07-11T01:41:00Z,2025-07-11T00:40:38Z,fanduel,-125,-102,4,0.517137,0.523859,0.4239,0
2025,2025-07-10,777181,NYM,BAL,287753066501c5f163bfd6c5eebc3d45,2025-07-10T21:06:00Z,2025-07-10T20:05:38Z,fanduel,-146,114,2,0.555024,0.559487,0.427,2
2025,2025-07-11,777152,TOR,OAK,9a61283aaf3c6e1c5e58c441a8bdc418,2025-07-12T02:06:00Z,2025-07-12T01:05:38Z,fanduel,-162,126,4,0.569924,0.582882,0.4137,0
2025,2025-07-19,777089,LAA,PHI,861313f79b4d8cb7f8c0f266e64a35e9,2025-07-19T22:05:00Z,2025-07-19T21:00:38Z,fanduel,-138,108,4,0.537912,0.546701,0.4236,1
2025,2025-07-20,777072,MIN,COL,6e0747210b3280ea13d415fa1c95ce93,2025-07-20T19:11:00Z,2025-07-20T18:10:37Z,fanduel,-118,-108,3,0.530660,0.510398,0.4376,0
2025,2025-07-23,777037,SD,MIA,84f30d46434c51566e8f1ab1c0a03872,2025-07-23T16:11:00Z,2025-07-23T15:10:38Z,fanduel,-106,-120,4,0.468560,0.485429,0.4152,1
2025,2025-07-25,777015,PHI,NYY,8ce4242d1c93d75f86f7d04bdfa87eec,2025-07-25T23:06:00Z,2025-07-25T22:05:39Z,fanduel,-164,128,4,0.569409,0.586155,0.4181,1
2025,2025-07-26,777001,PHI,NYY,cd5135fad793db237a8bde22c02c501a,2025-07-26T17:05:00Z,2025-07-26T16:00:38Z,fanduel,-115,-111,4,0.514539,0.504155,0.4364,1
2025,2025-07-27,776986,COL,BAL,23af46d6ba84bab011dddabd6517608b,2025-07-27T17:36:00Z,2025-07-27T16:35:38Z,fanduel,-150,118,4,0.551152,0.566724,0.4159,0
2025,2025-07-28,776973,ARI,DET,865ef8423dbb9e39b4711d5d27c56286,2025-07-28T22:40:00Z,2025-07-28T21:35:38Z,fanduel,-120,-106,4,0.512128,0.514571,0.4483,1
2025,2025-08-02,776904,PIT,COL,2b4eb0d97ad3beed767fdb4629b1dc5a,2025-08-02T19:11:00Z,2025-08-02T18:10:39Z,fanduel,-118,-108,4,0.506818,0.510398,0.4177,1
2025,2025-08-02,776909,HOU,BOS,a1fbd658d681c523865bdd3acfc4a059,2025-08-02T20:11:00Z,2025-08-02T19:10:38Z,fanduel,-122,-104,4,0.510149,0.518759,0.4311,3
2025,2025-08-03,776895,HOU,BOS,8bf780eb5b19f6561842f333b8de56ee,2025-08-03T15:36:00Z,2025-08-03T14:35:38Z,fanduel,102,-130,4,0.461332,0.466910,0.4204,0
2025,2025-08-04,776872,TOR,COL,fb86f934625118f8732a83e926a2c634,2025-08-05T00:41:00Z,2025-08-04T23:40:38Z,fanduel,-180,140,4,0.594260,0.606742,0.4375,1
2025,2025-08-05,776858,STL,LAD,de1ad6c16aefcd5f25eca0f600cb0931,2025-08-06T02:11:00Z,2025-08-06T01:10:38Z,fanduel,-140,110,4,0.533461,0.550562,0.4351,2
2025,2025-08-13,776760,MIN,NYY,f07eab3b9afb75cd7e51f75b74981478,2025-08-13T23:05:00Z,2025-08-13T22:00:38Z,fanduel,-113,-113,4,0.493616,0.500000,0.4293,0
2025,2025-08-20,776665,OAK,MIN,5facf0f0d215fe60caa69372a112cc19,2025-08-20T23:40:00Z,2025-08-20T22:35:39Z,fanduel,-118,-108,4,0.517223,0.510398,0.4285,0
2025,2025-08-20,776669,CWS,ATL,5bf8f555a5ff41d2f299cdd94c41a89a,2025-08-20T23:16:00Z,2025-08-20T22:15:39Z,fanduel,-128,100,4,0.508539,0.528926,0.43,0
2025,2025-08-22,776634,SF,MIL,ad6a0e6f06b0762014b4b3baa4b41dda,2025-08-23T00:11:00Z,2025-08-22T23:10:39Z,fanduel,-113,-113,4,0.496754,0.500000,0.4488,1
2025,2025-08-23,776617,LAD,SD,d441fe6d05ab607a4130462df0585866,2025-08-24T00:40:00Z,2025-08-23T23:35:39Z,fanduel,-118,-108,4,0.500785,0.510398,0.4252,0
2025,2025-08-23,776626,NYM,ATL,0237ffc7d938c235256ccf00ab7e0f6d,2025-08-23T23:16:00Z,2025-08-23T22:15:38Z,fanduel,-146,114,4,0.535357,0.559487,0.4154,0
2025,2025-08-24,776624,NYM,ATL,ea91a3ee8e00babef3ce9069634d23b9,2025-08-24T17:36:00Z,2025-08-24T16:35:38Z,betmgm,-145,110,3,0.538028,,0.4194,0
2025,2025-08-25,776594,CIN,LAD,2fd597c43d19ecbe5696bc4185c7dfe1,2025-08-26T02:10:00Z,2025-08-26T01:05:38Z,betmgm,105,-135,3,0.461784,,0.4495,0
2025,2025-09-02,776486,SF,COL,dc89d3551c9b12cf9d320560865e0743,2025-09-03T00:40:00Z,2025-09-02T23:40:38Z,betmgm,-130,100,2,0.530612,,0.4479,2
2025,2025-09-03,776471,PHI,MIL,76a55e11c83dbd803c27da1cd99d30ed,2025-09-03T23:41:00Z,2025-09-03T22:40:39Z,betmgm,-125,-102,3,0.517711,,0.4274,5
2025,2025-09-05,776456,PHI,MIA,e14e1d753f417b1825950b7dd1fd3e10,2025-09-05T23:11:00Z,2025-09-05T22:10:38Z,betmgm,100,-130,3,0.468570,,0.439,1
2025,2025-09-06,776431,SD,COL,b661719fdf1dc91eb88eba65c0726a11,2025-09-07T00:11:00Z,2025-09-06T23:10:38Z,betmgm,-155,120,3,0.565993,,0.4181,0
2025,2025-09-06,776433,PHI,MIA,dc666735e9887d5481fe59f9c8136b73,2025-09-06T20:11:00Z,2025-09-06T19:10:39Z,betmgm,100,-130,3,0.472239,,0.4412,2
2025,2025-09-07,776417,SD,COL,8e11cc9587c816c3d599df1f167f06bd,2025-09-07T19:11:00Z,2025-09-07T18:10:38Z,betmgm,-140,110,3,0.557373,,0.4282,2
2025,2025-09-07,776427,LAD,BAL,42cb7ed30ab4db58789fe3a59cf145c6,2025-09-07T17:36:00Z,2025-09-07T16:35:38Z,betmgm,-110,-115,3,0.497581,,0.4157,1
2025,2025-09-09,776397,WSH,MIA,359e283ce7ce39b1922145dc75446a19,2025-09-09T22:41:00Z,2025-09-09T21:40:39Z,betmgm,-118,-110,3,0.512493,,0.4436,3
2025,2025-09-14,776324,ARI,MIN,f01f9659d471d3d5a1e1ddc07e61fc10,2025-09-14T18:10:00Z,2025-09-14T17:05:38Z,betmgm,-125,-102,3,0.517711,,0.4335,0
2025,2025-09-17,776284,NYY,MIN,10c171a4e904836c945ab84e7c43e6e7,2025-09-17T23:40:00Z,2025-09-17T22:35:39Z,betmgm,-115,-110,3,0.501743,,0.4291,1
2025,2025-09-17,776299,OAK,BOS,f2d8fdf9e9fb0f3c5b07bc7be6a51f73,2025-09-17T22:45:00Z,2025-09-17T21:40:39Z,betmgm,-125,-102,3,0.521550,,0.4254,1
2025,2025-09-20,776241,LAA,COL,98a066b1e5983e8a97e3b1bd8d54d175,2025-09-21T00:11:00Z,2025-09-20T23:10:39Z,betmgm,-155,120,2,0.570557,,0.4324,0
2025,2025-09-21,776229,TOR,KC,f3209e7ab15c2c02771495df872edb54,2025-09-21T18:11:00Z,2025-09-21T17:10:38Z,betmgm,105,-135,3,0.489777,,0.4261,0
2025,2025-09-21,776232,LAA,COL,307721248d6b26dc25943d6a014991e2,2025-09-21T19:11:00Z,2025-09-21T18:10:38Z,betmgm,-160,125,3,0.575063,,0.4487,1
2025,2025-09-23,776208,HOU,OAK,9c7ad00ede9a9d8830abc2638ac7ddcd,2025-09-24T02:06:00Z,2025-09-24T01:05:39Z,betmgm,-130,100,3,0.547840,,0.4413,1
2025,2025-09-27,776161,NYM,MIA,5c8e60295ec673a19ad4e02690eda710,2025-09-27T20:11:00Z,2025-09-27T19:10:39Z,betmgm,-102,-125,2,0.472764,,0.4145,1
2025,2025-09-30,813069,CIN,LAD,c39a10188098658e3f02a8bdec57655a,2025-10-01T01:08:00Z,2025-10-01T00:05:40Z,fanduel,122,-156,4,0.426184,0.425023,0.4186,1
