season,date,game_pk,away,home,p_nrfi,fi_total_runs
2024,2024-04-01,745675,BOS,OAK,0.397767,1
2024,2024-04-01,746170,SF,LAD,0.39916,1
2024,2024-04-02,746814,ATL,CWS,0.328304,0
2024,2024-04-02,746898,COL,CHC,0.382434,2
2024,2024-04-03,746083,LAA,MIA,0.41202,2
2024,2024-04-03,747219,NYY,ARI,0.358654,0
2024,2024-04-05,745764,TOR,NYY,0.356387,0
2024,2024-04-05,746249,BOS,LAA,0.401492,0
2024,2024-04-05,746576,TB,COL,0.322034,2
2024,2024-04-06,746575,TB,COL,0.322034,1
2024,2024-04-07,745362,SD,SF,0.394504,1
2024,2024-04-07,745765,TOR,NYY,0.381706,0
2024,2024-04-07,746251,BOS,LAA,0.37267,0
2024,2024-04-07,746574,TB,COL,0.322034,0
2024,2024-04-07,746895,LAD,CHC,0.362794,3
2024,2024-04-08,746569,ARI,COL,0.322034,1
2024,2024-04-09,745762,MIA,NYY,0.408117,0
2024,2024-04-09,746250,TB,LAA,0.371592,2
2024,2024-04-10,746247,TB,LAA,0.363533,3
2024,2024-04-10,746573,ARI,COL,0.355388,2
2024,2024-04-12,744954,COL,TOR,0.324625,1
2024,2024-04-12,745596,PIT,PHI,0.322034,0
2024,2024-04-12,746162,SD,LAD,0.40122,3
2024,2024-04-12,747055,MIL,BAL,0.397995,0
2024,2024-04-13,745839,KC,NYM,0.406556,4
2024,2024-04-13,746161,SD,LAD,0.390525,0
2024,2024-04-13,746979,LAA,BOS,0.349665,4
2024,2024-04-13,747215,STL,ARI,0.371003,1
2024,2024-04-14,745113,SF,TB,0.4002,4
2024,2024-04-14,745595,PIT,PHI,0.412645,0
2024,2024-04-14,745681,WSH,OAK,0.411255,0
2024,2024-04-15,745106,LAA,TB,0.395612,0
2024,2024-04-16,746157,WSH,LAD,0.403441,1
2024,2024-04-16,746486,TEX,DET,0.40862,0
2024,2024-04-17,747212,CHC,ARI,0.375292,1
2024,2024-04-18,745104,LAA,TB,0.401231,2
2024,2024-04-18,746970,CLE,BOS,0.379551,1
2024,2024-04-20,745590,CWS,PHI,0.38553,0
2024,2024-04-20,746651,OAK,CLE,0.365681,2
2024,2024-04-22,746565,SD,COL,0.399127,0
2024,2024-04-23,746888,HOU,CHC,0.341018,5
2024,2024-04-24,744864,LAD,WSH,0.380711,1
2024,2024-04-24,745099,DET,TB,0.355121,2
2024,2024-04-24,746244,BAL,LAA,0.375013,0
2024,2024-04-25,745755,OAK,NYY,0.347204,0
2024,2024-04-25,746564,SD,COL,0.34398,1
2024,2024-04-26,744949,LAD,TOR,0.391828,1
2024,2024-04-26,745347,PIT,SF,0.353851,0
2024,2024-04-26,746243,MIN,LAA,0.333408,0
2024,2024-04-27,746245,MIN,LAA,0.382074,1
2024,2024-04-28,746237,MIN,LAA,0.406164,0
2024,2024-04-28,747125,CLE,ATL,0.401315,0
2024,2024-04-29,745672,PIT,OAK,0.354389,2
2024,2024-04-29,746236,PHI,LAA,0.400757,4
2024,2024-04-29,747211,LAD,ARI,0.378483,1
2024,2024-04-30,745673,PIT,OAK,0.362847,1
2024,2024-04-30,747210,LAD,ARI,0.404514,0
2024,2024-05-01,745670,PIT,OAK,0.355057,0
2024,2024-05-02,746969,SF,BOS,0.381173,0
2024,2024-05-05,745667,MIA,OAK,0.338258,4
2024,2024-05-05,746153,ATL,LAD,0.322034,2
2024,2024-05-05,747206,SD,ARI,0.347656,4
2024,2024-05-06,745669,TEX,OAK,0.333406,0
2024,2024-05-06,746149,MIA,LAD,0.338336,5
2024,2024-05-07,745095,CWS,TB,0.397634,0
2024,2024-05-07,746559,SF,COL,0.361442,0
2024,2024-05-08,745584,TOR,PHI,0.351021,0
2024,2024-05-08,745659,TEX,OAK,0.323315,0
2024,2024-05-08,745664,TEX,OAK,0.365061,1
2024,2024-05-08,745749,HOU,NYY,0.322034,3
2024,2024-05-08,746562,SF,COL,0.412644,0
2024,2024-05-09,746563,SF,COL,0.377216,0
2024,2024-05-12,745419,LAD,SD,0.406525,2
2024,2024-05-12,746555,TEX,COL,0.386596,3
2024,2024-05-12,746798,CLE,CWS,0.351685,0
2024,2024-05-13,745420,COL,SD,0.386713,0
2024,2024-05-13,746233,STL,LAA,0.373794,0
2024,2024-05-15,745341,LAD,SF,0.373091,0
2024,2024-05-15,747203,CIN,ARI,0.412658,0
2024,2024-05-17,746148,CIN,LAD,0.322034,1
2024,2024-05-18,745339,COL,SF,0.381232,3
2024,2024-05-18,746142,CIN,LAD,0.337481,0
2024,2024-05-19,745336,COL,SF,0.35398,1
2024,2024-05-20,746146,ARI,LAD,0.390784,0
2024,2024-05-21,746145,ARI,LAD,0.409706,0
2024,2024-05-21,746633,NYM,CLE,0.366992,0
2024,2024-05-22,746634,NYM,CLE,0.403696,1
2024,2024-05-22,746876,ATL,CHC,0.405965,0
2024,2024-05-23,745660,COL,OAK,0.339235,2
2024,2024-05-24,745663,HOU,OAK,0.327112,1
2024,2024-05-24,746558,PHI,COL,0.348697,0
2024,2024-05-24,747200,MIA,ARI,0.399003,0
2024,2024-05-25,745658,HOU,OAK,0.351566,2
2024,2024-05-25,746556,PHI,COL,0.322034,2
2024,2024-05-25,747199,MIA,ARI,0.322034,3
2024,2024-05-26,746557,PHI,COL,0.347831,2
2024,2024-05-27,745338,PHI,SF,0.375012,0
2024,2024-05-27,746549,CLE,COL,0.365016,1
2024,2024-05-27,746788,TOR,CWS,0.356592,0
2024,2024-05-28,745816,LAD,NYM,0.381319,1
2024,2024-05-28,746229,NYY,LAA,0.379241,3
2024,2024-05-28,746552,CLE,COL,0.322034,2
2024,2024-05-28,747115,WSH,ATL,0.396386,0
2024,2024-05-29,745333,PHI,SF,0.399497,1
2024,2024-05-29,746551,CLE,COL,0.326678,3
2024,2024-05-29,746706,STL,CIN,0.399294,0
2024,2024-05-30,745081,OAK,TB,0.322034,2
2024,2024-05-30,746225,NYY,LAA,0.395331,0
2024,2024-05-31,746140,COL,LAD,0.326984,0
2024,2024-06-01,745332,NYY,SF,0.402164,2
2024,2024-06-02,745330,NYY,SF,0.322034,1
2024,2024-06-03,746224,SD,LAA,0.365885,1
2024,2024-06-03,746548,CIN,COL,0.322034,1
2024,2024-06-03,747194,SF,ARI,0.366208,0
2024,2024-06-04,745568,MIL,PHI,0.372653,0
2024,2024-06-04,746550,CIN,COL,0.322034,1
2024,2024-06-04,747196,SF,ARI,0.352273,0
2024,2024-06-05,746544,CIN,COL,0.322034,4
2024,2024-06-07,746220,HOU,LAA,0.403636,1
2024,2024-06-07,746466,MIL,DET,0.392473,0
2024,2024-06-08,746223,HOU,LAA,0.337004,0
2024,2024-06-09,744849,ATL,WSH,0.342084,0
2024,2024-06-09,745167,COL,STL,0.394698,0
2024,2024-06-09,745571,NYM,PHI,0.322034,1
2024,2024-06-09,745651,TOR,OAK,0.367239,0
2024,2024-06-09,746787,BOS,CWS,0.381305,0
2024,2024-06-11,746139,TEX,LAD,0.403541,3
2024,2024-06-11,746702,CLE,CIN,0.346724,1
2024,2024-06-11,747190,LAA,ARI,0.357671,0
2024,2024-06-12,745328,HOU,SF,0.406455,0
2024,2024-06-12,746137,TEX,LAD,0.397559,1
2024,2024-06-13,745809,MIA,NYM,0.401974,0
2024,2024-06-13,746136,TEX,LAD,0.403996,2
2024,2024-06-13,746465,WSH,DET,0.373428,0
2024,2024-06-14,746545,PIT,COL,0.33043,1
2024,2024-06-15,745329,LAA,SF,0.403934,2
2024,2024-06-15,745805,SD,NYM,0.405416,0
2024,2024-06-15,746135,KC,LAD,0.404578,0
2024,2024-06-15,747024,PHI,BAL,0.405407,1
2024,2024-06-15,747187,CWS,ARI,0.381204,1
2024,2024-06-16,745321,LAA,SF,0.40015,1
2024,2024-06-16,746130,KC,LAD,0.40857,0
2024,2024-06-16,746546,PIT,COL,0.322034,0
2024,2024-06-16,747109,TB,ATL,0.3501,2
2024,2024-06-17,745567,SD,PHI,0.35149,0
2024,2024-06-17,746543,LAD,COL,0.322034,1
2024,2024-06-18,746217,MIL,LAA,0.327813,1
2024,2024-06-18,746542,LAD,COL,0.322034,4
2024,2024-06-18,747107,DET,ATL,0.322034,2
2024,2024-06-19,744842,ARI,WSH,0.393967,0
2024,2024-06-19,746219,MIL,LAA,0.40472,1
2024,2024-06-19,746538,LAD,COL,0.322034,3
2024,2024-06-20,746539,LAD,COL,0.398321,1
2024,2024-06-21,745562,ARI,PHI,0.36977,0
2024,2024-06-21,746131,LAA,LAD,0.380733,0
2024,2024-06-22,745564,ARI,PHI,0.363866,2
2024,2024-06-22,746132,LAA,LAD,0.383708,0
2024,2024-06-22,746459,CWS,DET,0.381276,0
2024,2024-06-22,746541,WSH,COL,0.408475,1
2024,2024-06-23,745566,ARI,PHI,0.322034,0
2024,2024-06-23,746536,WSH,COL,0.3355,0
2024,2024-06-24,746218,OAK,LAA,0.334635,2
2024,2024-06-25,746213,OAK,LAA,0.408134,0
2024,2024-06-25,746775,LAD,CWS,0.363675,4
2024,2024-06-25,747022,CLE,BAL,0.369134,3
2024,2024-06-26,745325,CHC,SF,0.406215,0
2024,2024-06-26,746212,OAK,LAA,0.407493,0
2024,2024-06-27,745324,CHC,SF,0.408308,0
2024,2024-06-27,747185,MIN,ARI,0.410038,0
2024,2024-06-28,746214,DET,LAA,0.366123,2
2024,2024-06-28,746939,SD,BOS,0.384977,0
2024,2024-06-28,747183,OAK,ARI,0.322034,2
2024,2024-06-29,745559,MIA,PHI,0.348528,0
2024,2024-06-29,747186,OAK,ARI,0.380236,0
2024,2024-06-30,745072,WSH,TB,0.40351,0
2024,2024-06-30,745320,LAD,SF,0.324591,1
2024,2024-06-30,746209,DET,LAA,0.322034,1
2024,2024-06-30,747182,OAK,ARI,0.397826,0
2024,2024-07-01,746535,MIL,COL,0.322034,0
2024,2024-07-02,745730,CIN,NYY,0.407192,0
2024,2024-07-02,746133,ARI,LAD,0.322034,1
2024,2024-07-02,746537,MIL,COL,0.322034,0
2024,2024-07-03,745728,CIN,NYY,0.381981,0
2024,2024-07-03,746128,ARI,LAD,0.384495,5
2024,2024-07-03,746534,MIL,COL,0.322034,1
2024,2024-07-04,745641,LAA,OAK,0.379492,0
2024,2024-07-04,746126,ARI,LAD,0.38256,2
2024,2024-07-04,746532,MIL,COL,0.324902,1
2024,2024-07-05,745639,BAL,OAK,0.38122,2
2024,2024-07-05,746859,LAA,CHC,0.407515,2
2024,2024-07-06,745642,BAL,OAK,0.385802,3
2024,2024-07-06,746129,MIL,LAD,0.384923,4
2024,2024-07-06,746529,KC,COL,0.387759,0
2024,2024-07-08,747181,ATL,ARI,0.381991,1
2024,2024-07-09,745074,NYY,TB,0.359535,5
2024,2024-07-09,746206,TEX,LAA,0.391796,1
2024,2024-07-10,746205,TEX,LAA,0.386521,0
2024,2024-07-10,746689,COL,CIN,0.349639,0
2024,2024-07-10,747179,ATL,ARI,0.407477,0
2024,2024-07-11,745558,LAD,PHI,0.350713,1
2024,2024-07-11,746935,OAK,BOS,0.380192,3
2024,2024-07-14,746449,LAD,DET,0.392475,3
2024,2024-07-14,747176,TOR,ARI,0.410819,0
2024,2024-07-19,745640,LAA,OAK,0.324426,0
2024,2024-07-19,745721,TB,NYY,0.403484,0
2024,2024-07-19,746531,SF,COL,0.322034,0
2024,2024-07-20,745638,LAA,OAK,0.322034,3
2024,2024-07-20,746121,BOS,LAD,0.322034,0
2024,2024-07-20,746527,SF,COL,0.322034,2
2024,2024-07-21,746125,BOS,LAD,0.35543,4
2024,2024-07-22,745635,HOU,OAK,0.336158,0
2024,2024-07-22,746526,BOS,COL,0.406558,0
2024,2024-07-23,745632,HOU,OAK,0.387048,2
2024,2024-07-23,746118,SF,LAD,0.322034,2
2024,2024-07-23,746524,BOS,COL,0.322034,3
2024,2024-07-24,745472,STL,PIT,0.399883,0
2024,2024-07-24,745634,HOU,OAK,0.408823,2
2024,2024-07-24,746035,BAL,MIA,0.409514,0
2024,2024-07-24,746525,BOS,COL,0.35948,3
2024,2024-07-25,746117,SF,LAD,0.322034,0
2024,2024-07-25,746199,OAK,LAA,0.322034,2
2024,2024-07-26,745315,COL,SF,0.322034,1
2024,2024-07-27,745059,CIN,TB,0.409667,0
2024,2024-07-27,746203,OAK,LAA,0.387767,3
2024,2024-07-27,746931,NYY,BOS,0.34907,6
2024,2024-07-27,747171,PIT,ARI,0.386112,2
2024,2024-07-28,745305,COL,SF,0.342953,1
2024,2024-07-28,745550,CLE,PHI,0.357606,1
2024,2024-07-29,747172,WSH,ARI,0.379345,5
2024,2024-07-30,745309,OAK,SF,0.382446,0
2024,2024-07-30,746197,COL,LAA,0.374643,4
2024,2024-07-30,746441,CLE,DET,0.394888,0
2024,2024-07-31,745061,MIA,TB,0.373048,1
2024,2024-07-31,745543,NYY,PHI,0.371974,0
2024,2024-07-31,746198,COL,LAA,0.386288,1
2024,2024-08-01,746196,COL,LAA,0.357063,0
2024,2024-08-02,745387,COL,SD,0.366008,0
2024,2024-08-03,746194,NYM,LAA,0.397487,1
2024,2024-08-03,746440,KC,DET,0.366679,0
2024,2024-08-04,746191,NYM,LAA,0.322034,0
2024,2024-08-05,745628,CWS,OAK,0.405265,1
2024,2024-08-06,746120,PHI,LAD,0.322034,0
2024,2024-08-06,746519,NYM,COL,0.39424,0
2024,2024-08-07,745630,CWS,OAK,0.384877,0
2024,2024-08-07,746115,PHI,LAD,0.330531,3
2024,2024-08-07,746521,NYM,COL,0.322034,2
2024,2024-08-08,746522,NYM,COL,0.361024,4
2024,2024-08-08,747169,PHI,ARI,0.364842,0
2024,2024-08-09,746113,PIT,LAD,0.398092,1
2024,2024-08-09,746523,ATL,COL,0.412752,1
2024,2024-08-10,746520,ATL,COL,0.322034,0
2024,2024-08-10,746761,CHC,CWS,0.387428,0
2024,2024-08-10,746922,HOU,BOS,0.392526,1
2024,2024-08-11,744816,LAA,WSH,0.348444,0
2024,2024-08-11,745057,BAL,TB,0.365822,0
2024,2024-08-11,745711,TEX,NYY,0.394248,1
2024,2024-08-11,746114,PIT,LAD,0.38915,2
2024,2024-08-11,746517,ATL,COL,0.374378,1
2024,2024-08-12,745383,PIT,SD,0.395468,0
2024,2024-08-12,746192,TOR,LAA,0.322034,0
2024,2024-08-12,747165,COL,ARI,0.379627,0
2024,2024-08-13,746187,TOR,LAA,0.352884,3
2024,2024-08-13,746757,NYY,CWS,0.392941,0
2024,2024-08-13,747160,COL,ARI,0.322034,0
2024,2024-08-14,746188,TOR,LAA,0.389559,0
2024,2024-08-14,746598,CHC,CLE,0.375923,0
2024,2024-08-14,746677,STL,CIN,0.322034,0
2024,2024-08-14,746759,NYY,CWS,0.405193,1
2024,2024-08-14,747163,COL,ARI,0.345668,4
2024,2024-08-15,745298,ATL,SF,0.336015,0
2024,2024-08-16,745542,WSH,PHI,0.405193,0
2024,2024-08-16,745784,MIA,NYM,0.407285,1
2024,2024-08-16,746518,SD,COL,0.322034,4
2024,2024-08-17,745140,LAD,STL,0.376878,2
2024,2024-08-17,746190,ATL,LAA,0.391985,3
2024,2024-08-17,746515,SD,COL,0.403233,0
2024,2024-08-18,746186,ATL,LAA,0.355358,1
2024,2024-08-18,746516,SD,COL,0.349636,0
2024,2024-08-19,745294,CWS,SF,0.396258,0
2024,2024-08-19,746109,SEA,LAD,0.358347,0
2024,2024-08-20,744814,COL,WSH,0.406883,1
2024,2024-08-20,745295,CWS,SF,0.359694,0
2024,2024-08-20,745624,TB,OAK,0.322034,0
2024,2024-08-20,745782,BAL,NYM,0.388833,2
2024,2024-08-20,746107,SEA,LAD,0.322034,2
2024,2024-08-21,744812,COL,WSH,0.350192,0
2024,2024-08-21,745622,TB,OAK,0.397127,1
2024,2024-08-23,745702,COL,NYY,0.394224,0
2024,2024-08-23,746111,TB,LAD,0.322034,1
2024,2024-08-23,746758,DET,CWS,0.348856,1
2024,2024-08-24,746108,TB,LAD,0.330005,4
2024,2024-08-25,745376,NYM,SD,0.39679,0
2024,2024-08-25,745618,MIL,OAK,0.356567,0
2024,2024-08-25,745706,COL,NYY,0.322034,3
2024,2024-08-25,746106,TB,LAD,0.369464,0
2024,2024-08-25,746754,DET,CWS,0.391439,2
2024,2024-08-26,746513,MIA,COL,0.369097,0
2024,2024-08-26,746753,DET,CWS,0.406979,1
2024,2024-08-27,746105,BAL,LAD,0.328859,0
2024,2024-08-27,746510,MIA,COL,0.322034,4
2024,2024-08-27,746671,OAK,CIN,0.408243,0
2024,2024-08-28,746103,BAL,LAD,0.339914,1
2024,2024-08-28,746512,MIA,COL,0.322034,0
2024,2024-08-29,746102,BAL,LAD,0.322034,0
2024,2024-08-29,746514,MIA,COL,0.322034,0
2024,2024-08-30,745299,MIA,SF,0.322034,0
2024,2024-08-30,746511,BAL,COL,0.322892,0
2024,2024-08-31,745050,SD,TB,0.389718,3
2024,2024-08-31,746507,BAL,COL,0.322034,0
2024,2024-08-31,747158,LAD,ARI,0.391289,7
2024,2024-09-01,746426,BOS,DET,0.354931,0
2024,2024-09-01,746505,BAL,COL,0.325752,1
2024,2024-09-01,746669,MIL,CIN,0.393453,0
2024,2024-09-02,746668,HOU,CIN,0.38258,2
2024,2024-09-03,745293,ARI,SF,0.377153,4
2024,2024-09-03,745615,SEA,OAK,0.409205,3
2024,2024-09-03,746185,LAD,LAA,0.322034,0
2024,2024-09-03,747079,COL,ATL,0.400989,0
2024,2024-09-04,746178,LAD,LAA,0.322034,5
2024,2024-09-05,745369,DET,SD,0.344801,1
2024,2024-09-05,747073,COL,ATL,0.38899,1
2024,2024-09-06,746104,CLE,LAD,0.334862,0
2024,2024-09-07,746099,CLE,LAD,0.322034,6
2024,2024-09-08,745368,SF,SD,0.409127,0
2024,2024-09-08,746098,CLE,LAD,0.3612,0
2024,2024-09-08,746910,CWS,BOS,0.352559,0
2024,2024-09-09,746101,CHC,LAD,0.322034,3
2024,2024-09-09,746746,CLE,CWS,0.322034,2
2024,2024-09-10,746747,CLE,CWS,0.352441,0
2024,2024-09-11,746100,CHC,LAD,0.364587,7
2024,2024-09-11,746425,COL,DET,0.390748,6
2024,2024-09-12,744805,MIA,WSH,0.387404,3
2024,2024-09-13,746423,BAL,DET,0.390838,1
2024,2024-09-13,746509,CHC,COL,0.322034,2
2024,2024-09-14,746177,HOU,LAA,0.330991,2
2024,2024-09-14,746422,BAL,DET,0.410112,0
2024,2024-09-14,746508,CHC,COL,0.352828,1
2024,2024-09-15,745287,SD,SF,0.404469,0
2024,2024-09-15,746180,HOU,LAA,0.32949,0
2024,2024-09-15,746506,CHC,COL,0.322034,0
2024,2024-09-15,747071,LAD,ATL,0.322034,0
2024,2024-09-15,747151,MIL,ARI,0.366851,2
2024,2024-09-16,746502,ARI,COL,0.322034,2
2024,2024-09-17,746015,LAD,MIA,0.322034,2
2024,2024-09-17,746176,CWS,LAA,0.397755,0
2024,2024-09-17,746503,ARI,COL,0.322034,0
2024,2024-09-18,746172,CWS,LAA,0.322034,0
2024,2024-09-18,746500,ARI,COL,0.322034,3
2024,2024-09-20,746094,COL,LAD,0.322034,0
2024,2024-09-21,746096,COL,LAD,0.322034,1
2024,2024-09-22,746092,COL,LAD,0.322034,3
2024,2024-09-24,745605,TEX,OAK,0.40375,3
2024,2024-09-24,746093,SD,LAD,0.411483,1
2024,2024-09-24,746504,STL,COL,0.401774,0
2024,2024-09-24,746743,LAA,CWS,0.390602,0
2024,2024-09-25,745607,TEX,OAK,0.403175,3
2024,2024-09-25,746501,STL,COL,0.325995,0
2024,2024-09-25,747144,SF,ARI,0.341749,0
2024,2024-09-26,746088,SD,LAD,0.404896,0
2024,2024-09-26,746495,STL,COL,0.364233,4
2024,2024-09-27,746494,LAD,COL,0.322034,3
2024,2024-09-28,746499,LAD,COL,0.322034,1
2024,2024-09-28,747146,SD,ARI,0.322034,0
2024,2024-09-29,746174,TEX,LAA,0.408561,0
2024,2024-09-29,746496,LAD,COL,0.322034,0
2025,2025-04-01,778485,CLE,SD,0.355932,0
2025,2025-04-01,778487,ATL,LAD,0.355932,0
2025,2025-04-01,778492,ARI,NYY,0.355932,0
2025,2025-04-02,778472,ATL,LAD,0.358706,2
2025,2025-04-02,778476,CLE,SD,0.404111,0
2025,2025-04-03,778466,ARI,NYY,0.362806,4
2025,2025-04-05,778449,NYY,PIT,0.40656,0
2025,2025-04-07,778424,NYY,DET,0.355932,0
2025,2025-04-09,778379,MIL,COL,0.355932,0
2025,2025-04-09,778387,NYY,DET,0.409469,0
2025,2025-04-09,778393,PHI,ATL,0.370644,0
2025,2025-04-11,778356,CHC,LAD,0.355932,0
2025,2025-04-11,778369,WSH,MIA,0.35897,0
2025,2025-04-15,778318,ARI,MIA,0.355932,0
2025,2025-04-17,778291,ARI,MIA,0.355932,3
2025,2025-04-20,778266,WSH,COL,0.361454,1
2025,2025-04-25,778177,ATL,ARI,0.370195,0
2025,2025-04-27,778148,CIN,COL,0.386307,3
2025,2025-04-28,778140,NYY,BAL,0.397533,0
2025,2025-04-29,778120,ATL,COL,0.355932,0
2025,2025-04-29,778133,NYY,BAL,0.355932,5
2025,2025-04-30,778115,NYY,BAL,0.403029,2
2025,2025-05-02,778080,CHC,MIL,0.391406,2
2025,2025-05-02,778086,ARI,PHI,0.355932,1
2025,2025-05-02,778088,TB,NYY,0.4121,0
2025,2025-05-02,778089,MIN,BOS,0.402004,1
2025,2025-05-02,778091,OAK,MIA,0.355932,0
2025,2025-05-02,778092,LAD,ATL,0.355932,0
2025,2025-05-04,778060,LAD,ATL,0.355932,2
2025,2025-05-05,778047,LAD,MIA,0.355932,1
2025,2025-05-06,778035,LAD,MIA,0.401007,1
2025,2025-05-07,778014,NYM,ARI,0.404476,0
2025,2025-05-11,777955,SD,COL,0.369179,4
2025,2025-05-13,777937,OAK,LAD,0.355932,0
2025,2025-05-15,777909,WSH,ATL,0.355932,0
2025,2025-05-15,777946,OAK,LAD,0.355932,4
2025,2025-05-19,777852,PHI,COL,0.355932,1
2025,2025-05-19,777854,ARI,LAD,0.355932,2
2025,2025-05-19,777863,CHC,MIA,0.355932,2
2025,2025-05-20,777842,PHI,COL,0.355932,3
2025,2025-05-21,777823,PHI,COL,0.355932,3
2025,2025-05-21,777824,ARI,LAD,0.355932,0
2025,2025-05-22,777817,PHI,COL,0.355932,0
2025,2025-05-23,777802,NYY,COL,0.355932,1
2025,2025-05-25,777768,NYY,COL,0.355932,3
2025,2025-05-30,777708,NYY,LAD,0.355932,2
2025,2025-05-31,777698,NYY,LAD,0.358586,4
2025,2025-06-01,777682,NYY,LAD,0.410554,1
2025,2025-06-01,777692,BOS,ATL,0.407689,4
2025,2025-06-02,777675,NYM,LAD,0.355932,1
2025,2025-06-03,777657,NYM,LAD,0.383131,5
2025,2025-06-03,777672,ARI,ATL,0.36392,1
2025,2025-06-04,777638,NYM,LAD,0.384132,3
2025,2025-06-04,777649,LAA,BOS,0.373813,9
2025,2025-06-04,777652,COL,MIA,0.408052,1
2025,2025-06-05,777631,NYM,LAD,0.386501,0
2025,2025-06-08,777583,NYM,COL,0.356596,0
2025,2025-06-08,777594,CHC,DET,0.401572,2
2025,2025-06-10,777563,SF,COL,0.409157,1
2025,2025-06-12,777534,SF,COL,0.355932,0
2025,2025-06-13,777522,SF,LAD,0.360447,1
2025,2025-06-13,777535,COL,ATL,0.355932,3
2025,2025-06-13,777537,NYY,BOS,0.382054,0
2025,2025-06-15,777498,SF,LAD,0.355932,1
2025,2025-06-16,777490,SD,LAD,0.389329,1
2025,2025-06-17,777471,SD,LAD,0.375382,1
2025,2025-06-18,777457,SD,LAD,0.383952,0
2025,2025-06-20,777430,ARI,COL,0.355932,1
2025,2025-06-21,777410,ARI,COL,0.355932,3
2025,2025-06-21,777416,WSH,LAD,0.355932,0
2025,2025-06-22,777398,WSH,LAD,0.38069,0
2025,2025-06-22,777399,ARI,COL,0.355932,0
2025,2025-06-24,777379,LAD,COL,0.355932,1
2025,2025-06-25,777358,LAD,COL,0.361763,0
2025,2025-06-26,777344,LAD,COL,0.355932,0
2025,2025-07-01,777285,HOU,COL,0.411567,1
2025,2025-07-02,777269,HOU,COL,0.355932,1
2025,2025-07-03,777261,LAA,ATL,0.409054,1
2025,2025-07-04,777243,CWS,COL,0.393564,0
2025,2025-07-05,777232,CWS,COL,0.399747,4
2025,2025-07-18,777102,MIN,COL,0.355932,4
2025,2025-07-18,777114,NYY,ATL,0.403257,3
2025,2025-07-19,777080,MIN,COL,0.355932,0
2025,2025-07-19,777097,NYY,ATL,0.355932,0
2025,2025-07-20,777083,NYY,ATL,0.389404,2
2025,2025-07-21,777053,STL,COL,0.355932,0
2025,2025-07-21,777069,SF,ATL,0.410888,6
2025,2025-07-22,777049,STL,COL,0.355932,1
2025,2025-07-23,777028,STL,COL,0.389149,0
2025,2025-07-25,777012,LAD,BOS,0.397218,0
2025,2025-07-27,776983,LAD,BOS,0.392997,1
2025,2025-08-01,776919,PIT,COL,0.380377,10
2025,2025-08-03,776886,PIT,COL,0.384395,3
2025,2025-08-05,776854,TOR,COL,0.355932,2
2025,2025-08-06,776836,TOR,COL,0.355932,1
2025,2025-08-06,776839,STL,LAD,0.355932,0
2025,2025-08-08,776823,TOR,LAD,0.364027,0
2025,2025-08-08,776831,OAK,BAL,0.37262,3
2025,2025-08-09,776819,MIA,ATL,0.390778,0
2025,2025-08-09,778431,MIA,ATL,0.361424,0
2025,2025-08-14,776742,ARI,COL,0.355932,3
2025,2025-08-15,776730,ARI,COL,0.355932,1
2025,2025-08-16,776715,ARI,COL,0.355932,1
2025,2025-08-17,776701,ARI,COL,0.355932,0
2025,2025-08-18,776693,LAD,COL,0.355932,0
2025,2025-08-19,776671,LAD,COL,0.355932,2
2025,2025-08-20,776660,LAD,COL,0.355932,0
2025,2025-08-21,776644,LAD,COL,0.388715,3
2025,2025-08-21,776653,OAK,MIN,0.404765,0
2025,2025-08-25,776604,BOS,BAL,0.41189,1
2025,2025-08-29,776534,ARI,LAD,0.395317,0
2025,2025-08-29,776542,CHC,COL,0.39528,0
2025,2025-08-30,776526,CHC,COL,0.395375,1
2025,2025-08-31,776509,ARI,LAD,0.382014,2
2025,2025-08-31,776511,CHC,COL,0.355932,0
2025,2025-08-31,776513,SD,MIN,0.407364,0
2025,2025-09-01,776492,SF,COL,0.365944,1
2025,2025-09-03,776467,SF,COL,0.355932,0
2025,2025-09-05,776442,SD,COL,0.355932,0
2025,2025-09-07,776426,PHI,MIA,0.355932,4
2025,2025-09-13,776342,KC,PHI,0.376558,5
2025,2025-09-15,776311,PHI,LAD,0.355932,1
2025,2025-09-16,776298,NYY,MIN,0.374661,3
2025,2025-09-18,776270,MIA,COL,0.400875,0
2025,2025-09-19,776253,LAA,COL,0.355932,2
2025,2025-09-20,776257,NYY,BAL,0.404694,3
2025,2025-09-28,776148,NYM,MIA,0.400153,0
