cut,ntr,nte,model,depth,n,units,roi,hit,be,edge_pp
2026-05-20,254,874,A_shipped_p,0.05,44,-7.561882238801038,-17.186095997275086,47.72727272727273,58.014860370309776,-10.28758764303705
2026-05-20,254,874,A_shipped_p,0.1,87,-13.16536400196022,-15.1326023011037,48.275862068965516,56.946597076902286,-8.67073500793677
2026-05-20,254,874,A_shipped_p,0.2,175,-35.11669639374577,-20.06668365356901,45.14285714285714,56.214056808028886,-11.071199665171747
2026-05-20,254,874,A_shipped_p,0.3,262,-48.969251897474074,-18.69055415934125,45.41984732824427,55.602465870937436,-10.182618542693163
2026-05-20,254,874,A_shipped_p,0.5,437,-54.06425585308885,-12.371683261576397,48.51258581235698,55.23260857591604,-6.720022763559058
2026-05-20,254,874,B_shipped_EV,0.05,44,-15.240109890109892,-34.63661338661339,34.090909090909086,52.028659781450834,-17.937750690541748
2026-05-20,254,874,B_shipped_EV,0.1,87,-23.136561988735906,-26.593749412340124,37.93103448275862,51.67834813963456,-13.747313656875939
2026-05-20,254,874,B_shipped_EV,0.2,175,-35.450569206344944,-20.257468117911397,42.285714285714285,53.09291155616764,-10.807197270453358
2026-05-20,254,874,B_shipped_EV,0.3,262,-48.7058569436453,-18.590021734215764,43.51145038167939,53.51712504196027,-10.005674660280881
2026-05-20,254,874,B_shipped_EV,0.5,437,-56.85553945283597,-13.01042092742242,46.453089244851256,53.41674616912635,-6.963656924275092
2026-05-20,254,874,C_bookEV,0.05,44,1.9504776832363038,4.432903825537053,54.54545454545454,52.874342317864944,1.671112227589596
2026-05-20,254,874,C_bookEV,0.1,87,-10.615116143227088,-12.201282923249526,45.97701149425287,52.717722884255494,-6.740711390002623
2026-05-20,254,874,C_bookEV,0.2,175,-15.181788560986462,-8.67530774913512,49.142857142857146,53.29723920827744,-4.154382065420293
2026-05-20,254,874,C_bookEV,0.3,262,-12.513389516780968,-4.776102869000369,50.76335877862596,52.8792588210847,-2.1159000424587404
2026-05-20,254,874,C_bookEV,0.5,437,-51.91135928894429,-11.879029585570775,46.910755148741416,52.87024738950974,-5.959492240768327
2026-05-20,254,874,D_refit_outcome,0.05,44,-5.5250705815923205,-12.556978594528001,43.18181818181818,47.96771521673802,-4.7858970349198415
2026-05-20,254,874,D_refit_outcome,0.1,87,-4.802856563726128,-5.520524785892102,47.12643678160919,49.26286360056076,-2.13642681895157
2026-05-20,254,874,D_refit_outcome,0.2,175,-23.88194577092628,-13.646826154815017,44.0,50.54171161167962,-6.541711611679617
2026-05-20,254,874,D_refit_outcome,0.3,262,-36.1300184905882,-13.790083393354275,44.274809160305345,51.05614852194188,-6.781339361636533
2026-05-20,254,874,D_refit_outcome,0.5,437,-37.80589061194323,-8.65123354964376,47.82608695652174,51.91651103092987,-4.090424074408126
2026-05-20,254,874,E_outcome+price,0.05,44,-5.166581968755882,-11.74223174717246,40.909090909090914,45.17642784082448,-4.267336931733567
2026-05-20,254,874,E_outcome+price,0.1,87,-8.3364577451534,-9.58213533925678,43.67816091954023,47.334975786368524,-3.6568148668282916
2026-05-20,254,874,E_outcome+price,0.2,175,-22.85736437475568,-13.061351071288959,42.857142857142854,49.07519838934148,-6.218055532198626
2026-05-20,254,874,E_outcome+price,0.3,262,-38.453694131955004,-14.676982493112597,42.74809160305343,49.98657146259909,-7.238479859545656
2026-05-20,254,874,E_outcome+price,0.5,437,-47.95096897526409,-10.972761779236635,45.766590389016024,51.17291891389522,-5.406328524879193
2026-05-20,254,874,F_payout_weighted,0.05,44,-9.577451533973273,-21.76693530448471,38.63636363636363,47.66123738808724,-9.024873751723604
2026-05-20,254,874,F_payout_weighted,0.1,87,-8.672421781117436,-9.968300897836132,44.827586206896555,48.93791487401266,-4.110328667116107
2026-05-20,254,874,F_payout_weighted,0.2,175,-19.2980559697951,-11.027460554168629,45.14285714285714,50.27965690740215,-5.13679976454501
2026-05-20,254,874,F_payout_weighted,0.3,262,-30.922057932627645,-11.802312188025818,45.038167938931295,50.71845128758976,-5.680283348658463
2026-05-20,254,874,F_payout_weighted,0.5,437,-41.33121948025948,-9.457944961157775,47.139588100686495,51.636984684189414,-4.497396583502919
2026-05-20,254,874,G_ridge_PROFIT,0.05,44,0.7864526777570254,1.787392449447785,52.27272727272727,51.86652882271535,0.4061984500119209
2026-05-20,254,874,G_ridge_PROFIT,0.1,87,-7.1526390678564615,-8.221424215926968,47.12643678160919,50.83912542601608,-3.7126886444068887
2026-05-20,254,874,G_ridge_PROFIT,0.2,175,-14.913399923969639,-8.521942813696937,47.42857142857143,51.492322074331064,-4.063750645759633
2026-05-20,254,874,G_ridge_PROFIT,0.3,262,-25.515333042143027,-9.738676733642377,47.32824427480916,52.01088883901418,-4.68264456420502
2026-05-20,254,874,G_ridge_PROFIT,0.5,437,-36.140546696599316,-8.270147985491834,48.2837528604119,52.27251760544904,-3.9887647450371375
2026-05-20,254,874,H_ridge_PROFIT+price,0.05,44,-7.047016751364578,-16.015947162192223,40.909090909090914,46.6221499386573,-5.713059029566388
2026-05-20,254,874,H_ridge_PROFIT+price,0.1,87,-3.5476617585313237,-4.077772136242901,47.12643678160919,48.45278489306348,-1.326348111454287
2026-05-20,254,874,H_ridge_PROFIT+price,0.2,175,-23.681606798998104,-13.532346742284632,42.857142857142854,49.305725118090805,-6.448582260947951
2026-05-20,254,874,H_ridge_PROFIT+price,0.3,262,-33.96977211527437,-12.965561876058917,43.89312977099237,50.21020480715309,-6.317075036160723
2026-05-20,254,874,H_ridge_PROFIT+price,0.5,437,-46.79584077013588,-10.708430382182124,45.9954233409611,51.217033596249095,-5.221610255287992
2026-05-20,254,874,I_gbm_PROFIT,0.05,44,-6.314453038216156,-14.351029632309444,45.45454545454545,53.10066281812159,-7.646117363576138
2026-05-20,254,874,I_gbm_PROFIT,0.1,87,-3.7400231203079772,-4.298877149779284,50.57471264367817,53.13179173121593,-2.5570790875377583
2026-05-20,254,874,I_gbm_PROFIT,0.2,175,-17.235445742158515,-9.848826138376294,47.42857142857143,52.75015333538692,-5.321581906815489
2026-05-20,254,874,I_gbm_PROFIT,0.3,262,-20.864570652059168,-7.963576584755408,48.473282442748086,52.724712669235984,-4.251430226487898
2026-05-20,254,874,I_gbm_PROFIT,0.5,437,-40.80215256255301,-9.33687701660252,48.2837528604119,52.931022327945456,-4.647269467533555
2026-05-20,254,874,J_gbm_PROFIT+price,0.05,44,-9.226849237718802,-20.970111903906368,40.909090909090914,51.87050411294381,-10.9614132038529
2026-05-20,254,874,J_gbm_PROFIT+price,0.1,87,-2.937274419733189,-3.376177493946194,50.57471264367817,52.319450085799104,-1.744737442120936
2026-05-20,254,874,J_gbm_PROFIT+price,0.2,175,-22.51669477726449,-12.866682729865422,45.714285714285715,52.39391103501725,-6.679625320731532
2026-05-20,254,874,J_gbm_PROFIT+price,0.3,262,-24.849285123389198,-9.484459970759236,47.32824427480916,52.28717399432726,-4.958929719518103
2026-05-20,254,874,J_gbm_PROFIT+price,0.5,437,-43.28028725062023,-9.903955892590442,47.59725400457666,52.62068581387399,-5.023431809297328
2026-05-20,254,874,K_PROFIT+price+pmodel,0.05,44,-8.916581968755882,-20.26495901989973,38.63636363636363,46.43956296960097,-7.8031993332373375
2026-05-20,254,874,K_PROFIT+price+pmodel,0.1,87,-7.217226975922628,-8.295663190715665,44.827586206896555,48.298324628485275,-3.4707384215887203
2026-05-20,254,874,K_PROFIT+price+pmodel,0.2,175,-23.540697708089013,-13.451827261765152,42.857142857142854,49.356966393821885,-6.499823536679031
2026-05-20,254,874,K_PROFIT+price+pmodel,0.3,262,-34.18915418248251,-13.049295489497142,43.89312977099237,50.21802296801536,-6.324893197022995
2026-05-20,254,874,K_PROFIT+price+pmodel,0.5,437,-48.35912231617604,-11.066160713083763,45.766590389016024,51.19135387490509,-5.424763485889066
2026-05-31,399,729,A_shipped_p,0.05,36,-4.610984415823126,-12.80829004395313,50.0,57.63265569184182,-7.632655691841819
2026-05-31,399,729,A_shipped_p,0.1,73,-2.653691827885377,-3.6351942847744887,54.794520547945204,57.05182364322491,-2.2573030952797026
2026-05-31,399,729,A_shipped_p,0.2,146,-23.496738384466294,-16.093656427716642,47.26027397260274,56.09314910935459,-8.832875136751852
2026-05-31,399,729,A_shipped_p,0.3,219,-33.72257188939251,-15.398434652690646,47.03196347031963,55.286866015943716,-8.254902545624084
2026-05-31,399,729,A_shipped_p,0.5,364,-39.793876600168616,-10.932383681365005,48.9010989010989,54.7404083741185,-5.839309473019604
2026-05-31,399,729,B_shipped_EV,0.05,36,-7.240109890109888,-20.111416361416357,41.66666666666667,51.85363347939725,-10.186966812730581
2026-05-31,399,729,B_shipped_EV,0.1,73,-17.49565289782681,-23.966647805242207,39.726027397260275,51.48889126805746,-11.762863870797183
2026-05-31,399,729,B_shipped_EV,0.2,146,-29.74465972835538,-20.37305460846259,41.78082191780822,52.5094838869251,-10.728661969116885
2026-05-31,399,729,B_shipped_EV,0.3,219,-41.02654361507797,-18.733581559396335,42.922374429223744,52.95821028562495,-10.035835856401206
2026-05-31,399,729,B_shipped_EV,0.5,364,-48.3969806736891,-13.295873811453049,46.15384615384615,53.06191409026262,-6.908067936416465
2026-05-31,399,729,C_bookEV,0.05,36,0.7190476190476192,1.9973544973544977,52.77777777777778,52.34644612126177,0.4313316565160079
2026-05-31,399,729,C_bookEV,0.1,73,-11.411951816299641,-15.632810707259784,43.83561643835616,52.391315835476234,-8.555699397120073
2026-05-31,399,729,C_bookEV,0.2,146,-8.186296191730973,-5.607052186117105,50.68493150684932,52.728893873494854,-2.0439623666455375
2026-05-31,399,729,C_bookEV,0.3,219,-7.921182691133607,-3.6169783977779026,51.141552511415526,52.28992565628469,-1.1483731448691614
2026-05-31,399,729,C_bookEV,0.5,364,-35.388033582178046,-9.721987247851112,47.8021978021978,52.26945107048999,-4.46725326829219
2026-05-31,399,729,D_refit_outcome,0.05,36,-8.768962921136835,-24.358230336491207,36.11111111111111,46.984684289978624,-10.873573178867517
2026-05-31,399,729,D_refit_outcome,0.1,73,-7.684847439195265,-10.527188272870225,43.83561643835616,48.454263249973465,-4.618646811617303
2026-05-31,399,729,D_refit_outcome,0.2,146,-8.971122034165512,-6.144604132990077,47.26027397260274,50.01492246264851,-2.754648490045767
2026-05-31,399,729,D_refit_outcome,0.3,219,-18.270697357503956,-8.342784181508655,47.03196347031963,50.823701060344916,-3.791737590025285
2026-05-31,399,729,D_refit_outcome,0.5,364,-33.30185558030748,-9.148861423161396,46.97802197802198,51.42072925420247,-4.442707276180492
2026-05-31,399,729,E_outcome+price,0.05,36,-5.197619047619047,-14.437830687830685,38.88888888888889,44.2052328247489,-5.316343935860004
2026-05-31,399,729,E_outcome+price,0.1,73,-5.511820063993977,-7.550438443827366,43.83561643835616,46.73626015219757,-2.9006437138414114
2026-05-31,399,729,E_outcome+price,0.2,146,-17.52606708911057,-12.00415554048669,43.15068493150685,48.67672080089528,-5.52603586938843
2026-05-31,399,729,E_outcome+price,0.3,219,-29.297355221268262,-13.377787772268611,43.37899543378995,49.634946453775896,-6.255951019985943
2026-05-31,399,729,E_outcome+price,0.5,364,-22.622646283856803,-6.215012715345276,48.07692307692308,50.81949594417742,-2.7425728672543386
2026-05-31,399,729,F_payout_weighted,0.05,36,-12.778053830227742,-35.49459397285484,30.555555555555557,46.551185244803314,-15.995629689247757
2026-05-31,399,729,F_payout_weighted,0.1,73,-11.65441265658657,-15.964948844639137,41.0958904109589,48.21286368964692,-7.116973278688022
2026-05-31,399,729,F_payout_weighted,0.2,146,-10.348263009132575,-7.087851376118202,46.57534246575342,49.55916988104752,-2.983827415294094
2026-05-31,399,729,F_payout_weighted,0.3,219,-18.33356080312602,-8.371488951199096,46.57534246575342,50.43793284307312,-3.862590377319698
2026-05-31,399,729,F_payout_weighted,0.5,364,-28.566940495392398,-7.848060575657252,47.527472527472526,51.12271246437795,-3.595239936905422
2026-05-31,399,729,G_ridge_PROFIT,0.05,36,-6.461555513729427,-17.948765315915075,41.66666666666667,51.08686629222636,-9.42019962555969
2026-05-31,399,729,G_ridge_PROFIT,0.1,73,-10.855156116025682,-14.87007687126806,43.83561643835616,50.84598804426235,-7.010371605906187
2026-05-31,399,729,G_ridge_PROFIT,0.2,146,-0.4939399569834375,-0.3383150390297517,51.369863013698634,51.47890305161001,-0.1090400379113774
2026-05-31,399,729,G_ridge_PROFIT,0.3,219,-16.56365312253981,-7.5633119281003705,47.94520547945205,51.48489836406534,-3.539692884613288
2026-05-31,399,729,G_ridge_PROFIT,0.5,364,-29.32230636478351,-8.055578671643822,48.07692307692308,51.92364269746238,-3.8467196205392966
2026-05-31,399,729,H_ridge_PROFIT+price,0.05,36,-6.018962921136833,-16.71934144760231,38.88888888888889,45.748975804947655,-6.860086916058762
2026-05-31,399,729,H_ridge_PROFIT+price,0.1,73,-2.50441265658657,-3.4307022692966713,46.57534246575342,47.528471403506245,-0.9531289377528225
2026-05-31,399,729,H_ridge_PROFIT+price,0.2,146,-12.108882824100215,-8.29375535897275,45.20547945205479,48.8127175958599,-3.6072381438051124
2026-05-31,399,729,H_ridge_PROFIT+price,0.3,219,-29.449736173649217,-13.44736811582156,43.37899543378995,49.66418493241957,-6.28518949862962
2026-05-31,399,729,H_ridge_PROFIT+price,0.5,364,-28.476024789409227,-7.823083733354183,47.25274725274725,50.86139705821613,-3.608649805468879
2026-05-31,399,729,I_gbm_PROFIT,0.05,36,1.830072283483078,5.083534120786328,55.55555555555556,52.00807119312996,3.5474843624255996
2026-05-31,399,729,I_gbm_PROFIT,0.1,73,1.3728020175171598,1.880550708927616,53.42465753424658,51.93041366575716,1.49424386848942
2026-05-31,399,729,I_gbm_PROFIT,0.2,146,-18.71704227667496,-12.819891970325315,45.20547945205479,51.68616492265523,-6.4806854706004415
2026-05-31,399,729,I_gbm_PROFIT,0.3,219,-19.729178619587046,-9.008757360542031,47.48858447488584,52.11167393873979,-4.623089463853951
2026-05-31,399,729,I_gbm_PROFIT,0.5,364,-36.90099113645566,-10.137634927597707,47.25274725274725,52.39080099503196,-5.138053742284711
2026-05-31,399,729,J_gbm_PROFIT+price,0.05,36,2.758787489372197,7.663298581589435,55.55555555555556,51.27293908564129,4.282616469914267
2026-05-31,399,729,J_gbm_PROFIT+price,0.1,73,2.887312909201966,3.955223163290364,53.42465753424658,51.428403445689106,1.996254088557471
2026-05-31,399,729,J_gbm_PROFIT+price,0.2,146,-15.062563703718123,-10.316824454601454,45.89041095890411,51.23671181477193,-5.346300855867817
2026-05-31,399,729,J_gbm_PROFIT+price,0.3,219,-22.003337533026315,-10.04718608813987,46.57534246575342,51.72376067352148,-5.14841820776806
2026-05-31,399,729,J_gbm_PROFIT+price,0.5,364,-17.811856015693614,-4.893367037278465,49.72527472527473,52.05740940829094,-2.332134683016207
2026-05-31,399,729,K_PROFIT+price+pmodel,0.05,36,-8.268962921136835,-22.969341447602318,36.11111111111111,45.748975804947655,-9.637864693836548
2026-05-31,399,729,K_PROFIT+price+pmodel,0.1,73,-4.95441265658657,-6.786866652858315,45.20547945205479,47.54087884565285,-2.3353993935980597
2026-05-31,399,729,K_PROFIT+price+pmodel,0.2,146,-16.17844804149152,-11.081128795542137,43.83561643835616,48.91134819454591,-5.075731756189747
2026-05-31,399,729,K_PROFIT+price+pmodel,0.3,219,-29.355533275098495,-13.40435309365228,43.37899543378995,49.736878984087824,-6.357883550297871
2026-05-31,399,729,K_PROFIT+price+pmodel,0.5,364,-28.53359340769748,-7.838899287828978,47.25274725274725,50.898186287123316,-3.645439034376068
2026-06-10,529,599,A_shipped_p,0.05,30,-3.6470695970695965,-12.156898656898656,50.0,57.366379619652896,-7.366379619652896
2026-06-10,529,599,A_shipped_p,0.1,60,-0.19596936749811922,-0.3266156124968654,56.666666666666664,56.930049775365774,-0.2633831086991094
2026-06-10,529,599,A_shipped_p,0.2,120,-20.418552651441846,-17.015460542868205,46.666666666666664,55.79166640194965,-9.124999735282984
2026-06-10,529,599,A_shipped_p,0.3,180,-24.825338537320448,-13.791854742955806,47.77777777777778,55.11622293064995,-7.338445152872168
2026-06-10,529,599,A_shipped_p,0.5,300,-31.0924616912502,-10.3641538970834,49.0,54.55053004929946,-5.550530049299461
2026-06-10,529,599,B_shipped_EV,0.05,30,-6.795054945054946,-22.650183150183153,40.0,50.95795622624891,-10.95795622624891
2026-06-10,529,599,B_shipped_EV,0.1,60,-14.012404262404264,-23.354007104007106,40.0,51.196861472146004,-11.196861472146004
2026-06-10,529,599,B_shipped_EV,0.2,120,-20.651817385513034,-17.209847821260862,43.333333333333336,52.18971933925409,-8.856386005920754
2026-06-10,529,599,B_shipped_EV,0.3,180,-36.9701527538484,-20.538973752138002,41.66666666666667,52.60888672617996,-10.94222005951329
2026-06-10,529,599,B_shipped_EV,0.5,300,-32.09931442118413,-10.699771473728044,47.333333333333336,52.838314549384144,-5.504981216050808
2026-06-10,529,599,C_bookEV,0.05,30,1.0857142857142859,3.6190476190476195,53.333333333333336,51.759017511792806,1.5743158215405302
2026-06-10,529,599,C_bookEV,0.1,60,-8.111914172783738,-13.519856954639565,45.0,52.23609790318322,-7.2360979031832215
2026-06-10,529,599,C_bookEV,0.2,120,-9.729598782859654,-8.107998985716378,49.166666666666664,52.59261573392896,-3.4259490672622945
2026-06-10,529,599,C_bookEV,0.3,180,-2.4008054734211832,-1.3337808185673241,52.22222222222223,52.27051560692758,-0.04829338470535305
2026-06-10,529,599,C_bookEV,0.5,300,-25.773363560495397,-8.5911211868318,48.0,52.018054720417894,-4.018054720417894
2026-06-10,529,599,D_refit_outcome,0.05,30,0.5526455026455013,1.8421516754850042,50.0,48.44527200238809,1.5547279976119128
2026-06-10,529,599,D_refit_outcome,0.1,60,5.270196068022155,8.783660113370258,55.00000000000001,50.214075808264326,4.785924191735681
2026-06-10,529,599,D_refit_outcome,0.2,120,1.756202090984698,1.4635017424872483,51.66666666666667,50.629834870763545,1.036831795903126
2026-06-10,529,599,D_refit_outcome,0.3,180,-9.943059667463594,-5.523922037479774,48.888888888888886,51.25927826126346,-2.370389372374575
2026-06-10,529,599,D_refit_outcome,0.5,300,-11.397568271121006,-3.799189423707002,50.33333333333333,51.99632395385423,-1.662990620520901
2026-06-10,529,599,E_outcome+price,0.05,30,0.9119047619047618,3.039682539682539,50.0,47.81789362637042,2.18210637362958
2026-06-10,529,599,E_outcome+price,0.1,60,0.7814000814000819,1.3023334690001365,50.0,48.84663855302012,1.1533614469798792
2026-06-10,529,599,E_outcome+price,0.2,120,5.372868757651369,4.4773906313761405,52.5,50.0258298439242,2.4741701560758003
2026-06-10,529,599,E_outcome+price,0.3,180,-7.250756570321788,-4.028198094623216,48.888888888888886,50.76034880906849,-1.8714599201796034
2026-06-10,529,599,E_outcome+price,0.5,300,-17.934607248973453,-5.978202416324485,49.0,51.685267862814435,-2.6852678628144346
2026-06-10,529,599,F_payout_weighted,0.05,30,0.7002645502645504,2.3342151675485012,50.0,48.13309095849972,1.8669090415002785
2026-06-10,529,599,F_payout_weighted,0.1,60,7.750965298791387,12.918275497985645,56.666666666666664,49.47570474578701,7.190961920879651
2026-06-10,529,599,F_payout_weighted,0.2,120,-11.483445942141593,-9.569538285117995,45.83333333333333,49.8945959983507,-4.061262665017374
2026-06-10,529,599,F_payout_weighted,0.3,180,-9.859931131670262,-5.47773951759459,48.333333333333336,50.6499982407886,-2.3166649074552623
2026-06-10,529,599,F_payout_weighted,0.5,300,-19.245840802703505,-6.4152802675678355,48.333333333333336,51.38449949918867,-3.051166165855335
2026-06-10,529,599,G_ridge_PROFIT,0.05,30,2.871876271876272,9.57292090625424,56.666666666666664,51.438444277899606,5.228222388767058
2026-06-10,529,599,G_ridge_PROFIT,0.1,60,7.915434163260249,13.192390272100415,58.333333333333336,51.56768718209813,6.765646151235202
2026-06-10,529,599,G_ridge_PROFIT,0.2,120,3.8493213620238826,3.2077678016865687,54.166666666666664,52.294516599530716,1.872150067135948
2026-06-10,529,599,G_ridge_PROFIT,0.3,180,-0.08378510477823653,-0.04654728043235363,52.77777777777778,52.502860951321004,0.2749168264567743
2026-06-10,529,599,G_ridge_PROFIT,0.5,300,-17.34078263424155,-5.780260878080516,50.0,52.70788843685915,-2.7078884368591503
2026-06-10,529,599,H_ridge_PROFIT+price,0.05,30,4.485978835978837,14.953262786596122,56.666666666666664,48.554336064940514,8.11233060172615
2026-06-10,529,599,H_ridge_PROFIT+price,0.1,60,1.353346251172338,2.25557708528723,51.66666666666667,49.64016170936357,2.0265049573031035
2026-06-10,529,599,H_ridge_PROFIT+price,0.2,120,6.4704878052704125,5.392073171058677,53.333333333333336,50.36292902496836,2.9704043083649765
2026-06-10,529,599,H_ridge_PROFIT+price,0.3,180,-6.203510840317436,-3.446394911287464,49.44444444444444,50.99846264435227,-1.55401819990783
2026-06-10,529,599,H_ridge_PROFIT+price,0.5,300,-10.822779291984205,-3.6075930973280683,50.33333333333333,51.7156477150137,-1.3823143816803736
2026-06-10,529,599,I_gbm_PROFIT,0.05,30,-6.013239015412928,-20.044130051376428,43.333333333333336,53.25723057494165,-9.923897241608316
2026-06-10,529,599,I_gbm_PROFIT,0.1,60,-9.637428763856677,-16.062381273094463,45.0,53.058185736109834,-8.058185736109834
2026-06-10,529,599,I_gbm_PROFIT,0.2,120,-20.654025099316968,-17.21168758276414,44.166666666666664,52.91599103802926,-8.749324371362597
2026-06-10,529,599,I_gbm_PROFIT,0.3,180,-21.320004560352533,-11.84444697797363,47.22222222222222,53.105838826039,-5.883616603816776
2026-06-10,529,599,I_gbm_PROFIT,0.5,300,-22.367154440452065,-7.455718146817356,49.333333333333336,52.902972732337375,-3.569639399004039
2026-06-10,529,599,J_gbm_PROFIT+price,0.05,30,-3.505590062111801,-11.685300207039335,46.666666666666664,52.5480852070235,-5.881418540356833
2026-06-10,529,599,J_gbm_PROFIT+price,0.1,60,-10.459485120354689,-17.43247520059115,43.333333333333336,52.37265870200285,-9.039325368669516
2026-06-10,529,599,J_gbm_PROFIT+price,0.2,120,-27.032831157725973,-22.527359298104976,40.833333333333336,52.31067334173358,-11.477340008400247
2026-06-10,529,599,J_gbm_PROFIT+price,0.3,180,-42.399500930171484,-23.555278294539715,40.55555555555556,52.56198451054579,-12.006428954990234
2026-06-10,529,599,J_gbm_PROFIT+price,0.5,300,-37.82597666726167,-12.608658889087224,46.33333333333333,52.60352383004528,-6.270190496711955
2026-06-10,529,599,K_PROFIT+price+pmodel,0.05,30,4.485978835978837,14.953262786596122,56.666666666666664,48.554336064940514,8.11233060172615
2026-06-10,529,599,K_PROFIT+price+pmodel,0.1,60,1.353346251172338,2.25557708528723,51.66666666666667,49.64016170936357,2.0265049573031035
2026-06-10,529,599,K_PROFIT+price+pmodel,0.2,120,6.470487805270413,5.392073171058677,53.333333333333336,50.36292902496836,2.9704043083649765
2026-06-10,529,599,K_PROFIT+price+pmodel,0.3,180,-6.203510840317437,-3.446394911287465,49.44444444444444,50.99846264435226,-1.5540181999078158
2026-06-10,529,599,K_PROFIT+price+pmodel,0.5,300,-10.822779291984205,-3.6075930973280683,50.33333333333333,51.7156477150137,-1.3823143816803736
2026-06-20,655,473,A_shipped_p,0.05,24,-1.1269083067470163,-4.695451278112568,54.166666666666664,57.43227655601672,-3.2656098893500527
2026-06-20,655,473,A_shipped_p,0.1,47,0.6231356612843288,1.3258205559241039,57.446808510638306,56.872763650011336,0.5740448606269695
2026-06-20,655,473,A_shipped_p,0.2,95,-14.279735018760265,-15.031300019747649,47.368421052631575,55.510069640566485,-8.14164858793491
2026-06-20,655,473,A_shipped_p,0.3,142,-17.210330428448383,-12.119951005949565,48.59154929577465,55.019893272411814,-6.428343976637166
2026-06-20,655,473,A_shipped_p,0.5,236,-18.039887444812003,-7.644020103733899,50.42372881355932,54.568248700809775,-4.144519887250453
2026-06-20,655,473,B_shipped_EV,0.05,24,-2.461721611721612,-10.257173382173383,45.83333333333333,50.90716890936995,-5.073835576036622
2026-06-20,655,473,B_shipped_EV,0.1,47,-10.282967032967033,-21.87865326163198,40.42553191489361,51.333884427662646,-10.908352512769035
2026-06-20,655,473,B_shipped_EV,0.2,95,-15.22579630514413,-16.02715400541487,44.21052631578947,52.29660521420115,-8.086078898411678
2026-06-20,655,473,B_shipped_EV,0.3,142,-24.6420966714445,-17.353589205242606,43.66197183098591,52.80618945231912,-9.144217621333205
2026-06-20,655,473,B_shipped_EV,0.5,236,-15.234306312312068,-6.455214539115282,49.57627118644068,52.961279165605546,-3.385007979164868
2026-06-20,655,473,C_bookEV,0.05,24,3.1809523809523803,13.253968253968251,58.333333333333336,51.61673197843282,6.716601354900519
2026-06-20,655,473,C_bookEV,0.1,47,-2.6297007340485608,-5.595107944784171,48.93617021276596,52.010826181597544,-3.0746559688315855
2026-06-20,655,473,C_bookEV,0.2,95,-2.984048560135517,-3.14110374751107,51.578947368421055,52.367791901591296,-0.7888445331702414
2026-06-20,655,473,C_bookEV,0.3,142,2.264099588012629,1.5944363295863586,53.52112676056338,52.17905804804723,1.342068712516145
2026-06-20,655,473,C_bookEV,0.5,236,-9.749194644636441,-4.131014679930695,50.42372881355932,52.28998711637076,-1.8662583028114383
2026-06-20,655,473,D_refit_outcome,0.05,24,8.631216931216931,35.96340388007055,66.66666666666666,48.12040658077243,18.546260085894225
2026-06-20,655,473,D_refit_outcome,0.1,47,2.8800543257064994,6.127775161077658,53.191489361702125,49.524115586488755,3.6673737752133704
2026-06-20,655,473,D_refit_outcome,0.2,95,8.693611380567903,9.151169874282003,55.78947368421052,50.5659012969807,5.223572387229822
2026-06-20,655,473,D_refit_outcome,0.3,142,4.905403533664405,3.454509530749581,53.52112676056338,51.249058202172904,2.2720685583904725
2026-06-20,655,473,D_refit_outcome,0.5,236,-3.2911261638023266,-1.3945449846620028,51.271186440677965,51.73367387059782,-0.4624874299198538
2026-06-20,655,473,E_outcome+price,0.05,24,6.200782148608236,25.83659228586765,62.5,49.0599959855521,13.4400040144479
2026-06-20,655,473,E_outcome+price,0.1,47,8.227673373325548,17.50568802835223,59.57446808510638,50.63916073230782,8.93530735279856
2026-06-20,655,473,E_outcome+price,0.2,95,5.962842149798672,6.276675947156497,54.736842105263165,51.06586178334648,3.670980321916687
2026-06-20,655,473,E_outcome+price,0.3,142,6.307967636228507,4.442230729738385,54.22535211267606,51.454020960718026,2.7713311519580373
2026-06-20,655,473,E_outcome+price,0.5,236,-5.5911261638023255,-2.3691212558484427,50.847457627118644,51.90406537317366,-1.0566077460550147
2026-06-20,655,473,F_payout_weighted,0.05,24,5.257142857142858,21.90476190476191,58.333333333333336,46.446286533723686,11.88704679960965
2026-06-20,655,473,F_payout_weighted,0.1,47,3.7751092707614458,8.032147384598822,53.191489361702125,48.828174568935275,4.36331479276685
2026-06-20,655,473,F_payout_weighted,0.2,95,-2.1518945627641273,-2.2651521713306604,49.473684210526315,49.98643410692244,-0.512749896396123
2026-06-20,655,473,F_payout_weighted,0.3,142,3.5249130096956187,2.4823331054194497,52.112676056338024,50.52471416996775,1.5879618863702731
2026-06-20,655,473,F_payout_weighted,0.5,236,-7.65898330665947,-3.2453319096014703,50.0,51.21930424637971,-1.219304246379707
2026-06-20,655,473,G_ridge_PROFIT,0.05,24,3.1346330802852544,13.060971167855225,58.333333333333336,51.299608419684574,7.033724913648761
2026-06-20,655,473,G_ridge_PROFIT,0.1,47,11.505163596467945,24.479071481846688,63.829787234042556,51.47737361992309,12.352413614119463
2026-06-20,655,473,G_ridge_PROFIT,0.2,95,8.189092208807352,8.620097061902477,56.84210526315789,52.16821193382232,4.67389332933557
2026-06-20,655,473,G_ridge_PROFIT,0.3,142,6.2395540255735185,4.394052130685576,54.929577464788736,52.23426910035811,2.6953083644306233
2026-06-20,655,473,G_ridge_PROFIT,0.5,236,-4.109956497148783,-1.7415069903172808,51.69491525423729,52.38077786904761,-0.6858626148103255
2026-06-20,655,473,H_ridge_PROFIT+price,0.05,24,5.565067862893949,23.18778276205812,62.5,50.38766506588076,12.11233493411924
2026-06-20,655,473,H_ridge_PROFIT+price,0.1,47,9.944857638335902,21.15927157092745,61.702127659574465,50.89789389856081,10.804233761013656
2026-06-20,655,473,H_ridge_PROFIT+price,0.2,95,10.79457667935929,11.36271229406241,57.89473684210527,51.51829234340178,6.376444498703485
2026-06-20,655,473,H_ridge_PROFIT+price,0.3,142,6.489888473734052,4.57034399558736,54.929577464788736,52.087357312401004,2.842220152387732
2026-06-20,655,473,H_ridge_PROFIT+price,0.5,236,-5.673762046438206,-2.404136460355172,50.847457627118644,51.93254605289531,-1.085088425776668
2026-06-20,655,473,I_gbm_PROFIT,0.05,24,-2.5636834180312436,-10.682014241796848,45.83333333333333,51.77545532410291,-5.942121990769579
2026-06-20,655,473,I_gbm_PROFIT,0.1,47,-2.0223187336791826,-4.302805816338686,51.06382978723404,52.93861121688286,-1.87478142964882
2026-06-20,655,473,I_gbm_PROFIT,0.2,95,-2.5764853594350123,-2.712089852036855,51.578947368421055,52.57566326151275,-0.9967158930916966
2026-06-20,655,473,I_gbm_PROFIT,0.3,142,3.796191158893679,2.673374055558929,54.22535211267606,52.633107953793655,1.5922441588824086
2026-06-20,655,473,I_gbm_PROFIT,0.5,236,4.447955187640592,1.88472677442398,54.23728813559322,52.8659769156045,1.3713112199887192
2026-06-20,655,473,J_gbm_PROFIT+price,0.05,24,-5.113683418031244,-21.30701424179685,41.66666666666667,51.989308352156826,-10.322641685490154
2026-06-20,655,473,J_gbm_PROFIT+price,0.1,47,-1.6437473051077545,-3.4973346917186268,51.06382978723404,52.22110464384071,-1.1572748566066693
2026-06-20,655,473,J_gbm_PROFIT+price,0.2,95,-1.8704695361778119,-1.9689153012398022,51.578947368421055,52.07453155814655,-0.49558418972549845
2026-06-20,655,473,J_gbm_PROFIT+price,0.3,142,-7.464043836273852,-5.256368898784403,50.0,52.46322633263243,-2.4632263326324306
2026-06-20,655,473,J_gbm_PROFIT+price,0.5,236,5.978069134995912,2.53308014194742,54.23728813559322,52.614945059708774,1.6223430758844444
2026-06-20,655,473,K_PROFIT+price+pmodel,0.05,24,3.3650678628939494,14.021116095391456,58.333333333333336,50.766452944668636,7.5668803886647
2026-06-20,655,473,K_PROFIT+price+pmodel,0.1,47,9.944857638335899,21.159271570927444,61.702127659574465,50.89789389856082,10.804233761013649
2026-06-20,655,473,K_PROFIT+price+pmodel,0.2,95,10.794576679359288,11.362712294062408,57.89473684210527,51.58384283093355,6.310894011171719
2026-06-20,655,473,K_PROFIT+price+pmodel,0.3,142,6.664888473734051,4.6935834322070775,54.929577464788736,52.04522417167632,2.8843532931124187
2026-06-20,655,473,K_PROFIT+price+pmodel,0.5,236,-3.7646711373473005,-1.5951996344691952,51.271186440677965,51.95272361544576,-0.6815371747677972
2026-06-30,792,336,A_shipped_p,0.05,17,-1.2387362637362638,-7.286683904330964,52.94117647058824,58.16787086006282,-5.226694389474581
2026-06-30,792,336,A_shipped_p,0.1,34,-1.8603184449958643,-5.4715248382231305,52.94117647058824,56.48365645278527,-3.5424799821970296
2026-06-30,792,336,A_shipped_p,0.2,67,-13.106747016424436,-19.562308979737963,44.776119402985074,55.479744404221485,-10.70362500123641
2026-06-30,792,336,A_shipped_p,0.3,101,-12.192728274485784,-12.072008192560183,48.51485148514851,54.99879718022894,-6.483945695080429
2026-06-30,792,336,A_shipped_p,0.5,168,-16.86724706253893,-10.040028013416029,48.80952380952381,54.21010615723595,-5.400582347712138
2026-06-30,792,336,B_shipped_EV,0.05,17,-3.2141025641025642,-18.906485671191554,41.17647058823529,50.39197957299223,-9.215508984756937
2026-06-30,792,336,B_shipped_EV,0.1,34,-6.787728937728938,-19.963908640379227,41.17647058823529,50.81219991630492,-9.63572932806963
2026-06-30,792,336,B_shipped_EV,0.2,67,-11.403021978021975,-17.019435788092498,43.28358208955223,51.868014706189314,-8.58443261663708
2026-06-30,792,336,B_shipped_EV,0.3,101,-19.122069597069594,-18.93274217531643,42.57425742574257,52.53699661746995,-9.96273919172738
2026-06-30,792,336,B_shipped_EV,0.5,168,-18.41568930130375,-10.961719822204612,47.023809523809526,52.698056061013666,-5.674246537204141
2026-06-30,792,336,C_bookEV,0.05,17,0.5785714285714285,3.403361344537815,52.94117647058824,51.27465276490286,1.6665237056853783
2026-06-30,792,336,C_bookEV,0.1,34,0.7283926218708834,2.142331240796716,52.94117647058824,51.85560722853915,1.0855692420490897
2026-06-30,792,336,C_bookEV,0.2,67,-3.0040607942781836,-4.483672827280872,50.74626865671642,52.04112289383658,-1.2948542371201626
2026-06-30,792,336,C_bookEV,0.3,101,0.5496429094255182,0.5442009004213051,52.475247524752476,51.693963181182376,0.7812843435700998
2026-06-30,792,336,C_bookEV,0.5,168,-12.95176321133544,-7.709382863890142,48.214285714285715,51.885099704633674,-3.670813990347959
2026-06-30,792,336,D_refit_outcome,0.05,17,-0.24761904761904763,-1.4565826330532212,47.05882352941176,47.31242849088326,-0.2536049614715026
2026-06-30,792,336,D_refit_outcome,0.1,34,2.3486542443064176,6.907806600901228,52.94117647058824,49.23439115175023,3.7067853188380084
2026-06-30,792,336,D_refit_outcome,0.2,67,4.399619543097803,6.566596332981795,53.73134328358209,50.077830110804776,3.6535131727773162
2026-06-30,792,336,D_refit_outcome,0.3,101,2.448714872777839,2.4244701710671674,52.475247524752476,50.65162481827807,1.8236227064744028
2026-06-30,792,336,D_refit_outcome,0.5,168,-3.01359679872037,-1.7938076182859346,50.595238095238095,51.241674112138945,-0.6464360169008501
2026-06-30,792,336,E_outcome+price,0.05,17,3.504761904761905,20.61624649859944,58.82352941176471,48.716492305277065,10.107037106487645
2026-06-30,792,336,E_outcome+price,0.1,34,2.0155040611562347,5.927953121047749,52.94117647058824,49.82748355758044,3.113692913007796
2026-06-30,792,336,E_outcome+price,0.2,67,3.7281909716692327,5.56446413681975,53.73134328358209,50.46792646478562,3.263416818796472
2026-06-30,792,336,E_outcome+price,0.3,101,4.36776249182546,4.324517318639069,53.46534653465347,50.825251896568105,2.6400946380853654
2026-06-30,792,336,E_outcome+price,0.5,168,-0.47623788077673757,-0.28347492903377236,51.78571428571429,51.57903680367608,0.20667748203820935
2026-06-30,792,336,F_payout_weighted,0.05,17,-0.09761904761904772,-0.5742296918767512,47.05882352941176,45.88869421592754,1.1701293134842174
2026-06-30,792,336,F_payout_weighted,0.1,34,0.7743271221532091,2.2774327122153206,50.0,48.077809454899146,1.9221905451008539
2026-06-30,792,336,F_payout_weighted,0.2,67,-2.243685300207039,-3.34878403015976,47.76119402985074,48.97907415995233,-1.217880130101591
2026-06-30,792,336,F_payout_weighted,0.3,101,-4.298865305387045,-4.25630228256143,48.51485148514851,49.94943251512251,-1.434581029973998
2026-06-30,792,336,F_payout_weighted,0.5,168,-2.194570827029597,-1.3062921589461887,50.595238095238095,50.57161940782794,0.02361868741015627
2026-06-30,792,336,G_ridge_PROFIT,0.05,17,-5.375672877846791,-31.62160516380465,35.294117647058826,50.85007739323577,-15.555959746176946
2026-06-30,792,336,G_ridge_PROFIT,0.1,34,3.1699625461994274,9.323419253527728,55.88235294117647,51.14432103687238,4.738031904304094
2026-06-30,792,336,G_ridge_PROFIT,0.2,67,6.451011127248009,9.628374816788073,56.71641791044776,51.712335667447604,5.0040822430001555
2026-06-30,792,336,G_ridge_PROFIT,0.3,101,5.5440593132835705,5.489167636914426,54.45544554455446,51.275636264576285,3.1798092799781728
2026-06-30,792,336,G_ridge_PROFIT,0.5,168,2.0453016310853513,1.217441447074614,52.976190476190474,51.951915406338365,1.0242750698521093
2026-06-30,792,336,H_ridge_PROFIT+price,0.05,17,-3.1452380952380956,-18.50140056022409,41.17647058823529,50.36135098945817,-9.184880401222877
2026-06-30,792,336,H_ridge_PROFIT+price,0.1,34,3.6631231087752827,10.77389149639789,55.88235294117647,50.80918982046069,5.073163120715783
2026-06-30,792,336,H_ridge_PROFIT+price,0.2,67,-0.8321538559169728,-1.2420206804730938,50.74626865671642,50.97658433336464,-0.2303156766482246
2026-06-30,792,336,H_ridge_PROFIT+price,0.3,101,1.7248285440528033,1.7077510337156467,52.475247524752476,51.08014045025777,1.3951070744947032
2026-06-30,792,336,H_ridge_PROFIT+price,0.5,168,-2.942471647010507,-1.7514712184586352,51.19047619047619,51.6931434835493,-0.5026672930731095
2026-06-30,792,336,I_gbm_PROFIT,0.05,17,-7.575925925925925,-44.56427015250544,29.411764705882355,52.34752230852007,-22.935757602637715
2026-06-30,792,336,I_gbm_PROFIT,0.1,34,-9.169131271305185,-26.968033150897604,38.23529411764706,51.77159867344925,-13.53630455580219
2026-06-30,792,336,I_gbm_PROFIT,0.2,67,-8.54789541142977,-12.758052852880256,46.26865671641791,52.35803224136056,-6.089375524942653
2026-06-30,792,336,I_gbm_PROFIT,0.3,101,-2.29072656344746,-2.2680461024232277,51.48514851485149,52.650820332716656,-1.1656718178651673
2026-06-30,792,336,I_gbm_PROFIT,0.5,168,9.155713934485036,5.449829722907759,55.35714285714286,52.39565514004193,2.9614877171009297
2026-06-30,792,336,J_gbm_PROFIT+price,0.05,17,-5.302380952380952,-31.19047619047619,35.294117647058826,51.48062736936654,-16.18650972230771
2026-06-30,792,336,J_gbm_PROFIT+price,0.1,34,-8.919131271305183,-26.23273903325054,38.23529411764706,51.537302812664976,-13.302008695017918
2026-06-30,792,336,J_gbm_PROFIT+price,0.2,67,-7.92408588762025,-11.826993862119776,46.26865671641791,52.21551975058638,-5.946863034168473
2026-06-30,792,336,J_gbm_PROFIT+price,0.3,101,-3.0883535040617787,-3.05777574659582,50.495049504950494,52.075793661019475,-1.580744156068981
2026-06-30,792,336,J_gbm_PROFIT+price,0.5,168,1.9671010980461094,1.1708935107417318,52.976190476190474,52.386691401333486,0.5894990748569882
2026-06-30,792,336,K_PROFIT+price+pmodel,0.05,17,-5.097619047619048,-29.985994397759107,35.294117647058826,50.42967100038936,-15.135553353330536
2026-06-30,792,336,K_PROFIT+price+pmodel,0.1,34,3.6631231087752827,10.77389149639789,55.88235294117647,50.80918982046069,5.073163120715783
2026-06-30,792,336,K_PROFIT+price+pmodel,0.2,67,-0.8321538559169745,-1.2420206804730964,50.74626865671642,50.97658433336464,-0.2303156766482246
2026-06-30,792,336,K_PROFIT+price+pmodel,0.3,101,1.7248285440528033,1.7077510337156467,52.475247524752476,51.08014045025777,1.3951070744947032
2026-06-30,792,336,K_PROFIT+price+pmodel,0.5,168,-2.942471647010506,-1.7514712184586345,51.19047619047619,51.6931434835493,-0.5026672930731095
2026-07-05,858,270,A_shipped_p,0.05,14,-1.8079670329670328,-12.914050235478806,50.0,58.23128917118686,-8.231289171186859
2026-07-05,858,270,A_shipped_p,0.1,27,-0.6626993973768169,-2.4544422125067293,55.55555555555556,57.20815346557495,-1.652597910019395
2026-07-05,858,270,A_shipped_p,0.2,54,-8.665080349757769,-16.046445092144015,46.2962962962963,55.78043030515833,-9.484134008862036
2026-07-05,858,270,A_shipped_p,0.3,81,-7.9061944081132065,-9.760733837176797,49.382716049382715,55.119084440545926,-5.736368391163211
2026-07-05,858,270,A_shipped_p,0.5,135,-8.999943965397128,-6.666625159553428,50.37037037037037,54.21720855035033,-3.8468381799799616
2026-07-05,858,270,B_shipped_EV,0.05,14,1.7382783882783883,12.416274201988488,57.14285714285714,51.23731635396535,5.905540788891791
2026-07-05,858,270,B_shipped_EV,0.1,27,2.012271062271062,7.452855786189118,55.55555555555556,51.608658983467514,3.9468965720880433
2026-07-05,858,270,B_shipped_EV,0.2,54,-4.457783882783883,-8.255155338488674,48.148148148148145,52.60052239405149,-4.452374245903343
2026-07-05,858,270,B_shipped_EV,0.3,81,-8.7768315018315,-10.835594446705556,46.913580246913575,53.07919270582047,-6.165612458906892
2026-07-05,858,270,B_shipped_EV,0.5,135,-7.755940314380852,-5.745140973615446,49.629629629629626,52.89497807656911,-3.265348446939484
2026-07-05,858,270,C_bookEV,0.05,14,-2.2785714285714285,-16.27551020408163,42.857142857142854,51.28646860128446,-8.429325744141607
2026-07-05,858,270,C_bookEV,0.1,27,-1.7417748917748925,-6.451018117684787,48.148148148148145,51.598360757081906,-3.450212608933761
2026-07-05,858,270,C_bookEV,0.2,54,0.49542160737812935,0.9174474210706098,53.70370370370371,52.4927565608902,1.2109471428135095
2026-07-05,858,270,C_bookEV,0.3,81,2.899125311081832,3.5791670507183113,54.32098765432099,52.141306778283905,2.1796808760370823
2026-07-05,858,270,C_bookEV,0.5,135,-6.752570305129914,-5.001903929725862,49.629629629629626,52.187916786197086,-2.5582871565674594
2026-07-05,858,270,D_refit_outcome,0.05,14,2.104761904761905,15.034013605442178,57.14285714285714,49.64232921549994,7.500527927357197
2026-07-05,858,270,D_refit_outcome,0.1,27,3.224327122153209,11.941952304271144,55.55555555555556,50.01199924468344,5.54355631087212
2026-07-05,858,270,D_refit_outcome,0.2,54,2.8539337474120092,5.285062495207424,53.70370370370371,50.83923794755921,2.8644657561444973
2026-07-05,858,270,D_refit_outcome,0.3,81,1.2470554405336998,1.5395746179428393,51.85185185185185,51.187851958649674,0.663999893202174
2026-07-05,858,270,D_refit_outcome,0.5,135,2.699916539792974,1.999938177624425,53.333333333333336,52.07076279511854,1.2625705382147956
2026-07-05,858,270,E_outcome+price,0.05,14,-4.245238095238095,-30.32312925170068,35.714285714285715,51.194850738040095,-15.48056502375438
2026-07-05,858,270,E_outcome+price,0.1,27,0.47432712215320827,1.7567671190859564,51.85185185185185,50.96920975473947,0.882642097112381
2026-07-05,858,270,E_outcome+price,0.2,54,2.2922935357717966,4.244988029207031,53.70370370370371,51.700260201513935,2.003443502189775
2026-07-05,858,270,E_outcome+price,0.3,81,5.591350929990481,6.902902382704299,55.55555555555556,52.0463804333694,3.509175122186157
2026-07-05,858,270,E_outcome+price,0.5,135,5.652485237522962,4.18702610186886,54.81481481481482,52.39573547506746,2.4190793397473556
2026-07-05,858,270,F_payout_weighted,0.05,14,2.1047619047619053,15.034013605442182,57.14285714285714,48.9929785661493,8.149878576707842
2026-07-05,858,270,F_payout_weighted,0.1,27,-0.49523809523809526,-1.834215167548501,48.148148148148145,49.52367648919968,-1.3755283410515347
2026-07-05,858,270,F_payout_weighted,0.2,54,2.0010351966873703,3.7056207346062418,51.85185185185185,50.24052580838574,1.6113260434661072
2026-07-05,858,270,F_payout_weighted,0.3,81,-2.1748060313277717,-2.684945717688607,49.382716049382715,50.46658529895651,-1.0838692495737945
2026-07-05,858,270,F_payout_weighted,0.5,135,2.4320812141990262,1.801541640147427,52.59259259259259,51.46486523917996,1.1277273534126309
2026-07-05,858,270,G_ridge_PROFIT,0.05,14,-2.530952380952381,-18.078231292517007,42.857142857142854,52.385326928516285,-9.528184071373431
2026-07-05,858,270,G_ridge_PROFIT,0.1,27,0.1248447204968941,0.46238785369220037,51.85185185185185,51.63075003363089,0.22110181822095853
2026-07-05,858,270,G_ridge_PROFIT,0.2,54,3.818407207046758,7.071124457493997,55.55555555555556,52.014207329186554,3.541348226369003
2026-07-05,858,270,G_ridge_PROFIT,0.3,81,5.396545735185287,6.662402142204058,55.55555555555556,52.14787723399016,3.407678321565399
2026-07-05,858,270,G_ridge_PROFIT,0.5,135,7.0667709518086745,5.234645149487907,55.55555555555556,52.475100554432544,3.0804550011230134
2026-07-05,858,270,H_ridge_PROFIT+price,0.05,14,-2.530952380952381,-18.078231292517007,42.857142857142854,52.385326928516285,-9.528184071373431
2026-07-05,858,270,H_ridge_PROFIT+price,0.1,27,0.12484472049689499,0.4623878536922037,51.85185185185185,51.894224890601684,-0.04237303874983667
2026-07-05,858,270,H_ridge_PROFIT+price,0.2,54,1.7684072070467594,3.274828161197702,53.70370370370371,52.12096597253056,1.5827377311731468
2026-07-05,858,270,H_ridge_PROFIT+price,0.3,81,3.246545735185288,4.008081154549738,54.32098765432099,52.234009878262334,2.086977776058653
2026-07-05,858,270,H_ridge_PROFIT+price,0.5,135,8.866770951808675,6.567978482821241,56.2962962962963,52.55740508118152,3.7388912151147764
2026-07-05,858,270,I_gbm_PROFIT,0.05,14,-4.666835016835017,-33.334535834535835,35.714285714285715,54.546485835518666,-18.83220012123295
2026-07-05,858,270,I_gbm_PROFIT,0.1,27,-6.501502603676517,-24.079639272875987,40.74074074074074,54.019969421175254,-13.279228680434514
2026-07-05,858,270,I_gbm_PROFIT,0.2,54,-6.680939833113746,-12.372110802062492,46.2962962962963,53.51537247178398,-7.219076175487679
2026-07-05,858,270,I_gbm_PROFIT,0.3,81,-2.7110757391866844,-3.34700708541566,50.617283950617285,53.01242918869301,-2.3951452380757274
2026-07-05,858,270,I_gbm_PROFIT,0.5,135,10.424743223420496,7.722032017348515,57.03703703703704,53.330835055658476,3.7062019813785625
2026-07-05,858,270,J_gbm_PROFIT+price,0.05,14,-6.407575757575757,-45.768398268398265,28.57142857142857,53.756797920420816,-25.185369348992246
2026-07-05,858,270,J_gbm_PROFIT+price,0.1,27,-8.080603132777046,-29.928159751026094,37.03703703703704,53.66688356648368,-16.629846529446645
2026-07-05,858,270,J_gbm_PROFIT+price,0.2,54,-1.2351393567285618,-2.287295105052892,51.85185185185185,53.241143509343495,-1.389291657491647
2026-07-05,858,270,J_gbm_PROFIT+price,0.3,81,-4.559212385149418,-5.628657265616565,49.382716049382715,52.96340916082708,-3.5806931114443614
2026-07-05,858,270,J_gbm_PROFIT+price,0.5,135,8.56495486363214,6.344411010097882,56.2962962962963,53.26415814681217,3.032138149484126
2026-07-05,858,270,K_PROFIT+price+pmodel,0.05,14,-2.375672877846791,-16.969091984619936,42.857142857142854,52.03925826849414,-9.182115411351283
2026-07-05,858,270,K_PROFIT+price+pmodel,0.1,27,0.12484472049689432,0.46238785369220115,51.85185185185185,51.89422489060169,-0.04237303874984377
2026-07-05,858,270,K_PROFIT+price+pmodel,0.2,54,1.7684072070467585,3.274828161197701,53.70370370370371,52.12096597253056,1.5827377311731468
2026-07-05,858,270,K_PROFIT+price+pmodel,0.3,81,3.4018252382908774,4.199784244803553,54.32098765432099,52.174195541962206,2.1467921123587814
2026-07-05,858,270,K_PROFIT+price+pmodel,0.5,135,8.866770951808673,6.567978482821239,56.2962962962963,52.55740508118152,3.7388912151147764
2026-07-10,924,204,A_shipped_p,0.05,10,2.1920329670329672,21.92032967032967,70.0,57.90263842437755,12.09736157562245
2026-07-10,924,204,A_shipped_p,0.1,20,1.0537841191067,5.2689205955334995,60.0,56.80532992216383,3.1946700778361716
2026-07-10,924,204,A_shipped_p,0.2,41,-5.150977785655203,-12.563360452817568,48.78048780487805,55.6133831766166,-6.832895371738552
2026-07-10,924,204,A_shipped_p,0.3,61,-4.811139463058261,-7.887113873866001,50.81967213114754,55.13417822998837,-4.31450609884083
2026-07-10,924,204,A_shipped_p,0.5,102,-8.217407580686828,-8.056281941849832,50.0,54.38442487872709,-4.3844248787270885
2026-07-10,924,204,B_shipped_EV,0.05,10,1.735897435897436,17.35897435897436,60.0,51.353455016763604,8.646544983236396
2026-07-10,924,204,B_shipped_EV,0.1,20,-0.7424908424908423,-3.7124542124542117,50.0,51.94116134837237,-1.9411613483723684
2026-07-10,924,204,B_shipped_EV,0.2,41,-6.6484432234432225,-16.215715179129813,43.90243902439025,52.395420778846066,-8.492981754455819
2026-07-10,924,204,B_shipped_EV,0.3,61,-11.831776556776557,-19.396355011109108,42.62295081967213,53.004734783901256,-10.381783964229129
2026-07-10,924,204,B_shipped_EV,0.5,102,-9.77473818317872,-9.583076650175215,48.03921568627451,52.96289094207426,-4.9236752557997505
2026-07-10,924,204,C_bookEV,0.05,10,-2.3809523809523805,-23.809523809523807,40.0,51.92223378634529,-11.922233786345288
2026-07-10,924,204,C_bookEV,0.1,20,-0.7965367965367963,-3.9826839826839815,50.0,51.91930504648275,-1.919305046482748
2026-07-10,924,204,C_bookEV,0.2,41,-1.7518868812347077,-4.272894832279775,51.21951219512195,52.39296682989472,-1.1734546347727672
2026-07-10,924,204,C_bookEV,0.3,61,0.17959460024677387,0.2944173774537277,52.459016393442624,51.88780296199764,0.5712134314449813
2026-07-10,924,204,C_bookEV,0.5,102,-6.291331785195742,-6.167972338427198,49.01960784313725,51.97754921250741,-2.957941369370161
2026-07-10,924,204,D_refit_outcome,0.05,10,0.0023809523809523725,0.023809523809523725,50.0,48.17609131766078,1.8239086823392228
2026-07-10,924,204,D_refit_outcome,0.1,20,0.05714285714285716,0.2857142857142858,50.0,49.58227365305838,0.41772634694162036
2026-07-10,924,204,D_refit_outcome,0.2,41,-3.8185300207039328,-9.313487855375445,46.34146341463415,50.44771077705336,-4.106247362419211
2026-07-10,924,204,D_refit_outcome,0.3,61,1.1597962527836307,1.9013053324321814,52.459016393442624,51.028390945886535,1.4306254475560891
2026-07-10,924,204,D_refit_outcome,0.5,102,4.6995192109848505,4.607371775475343,54.90196078431373,52.071675174230705,2.830285610083024
2026-07-10,924,204,E_outcome+price,0.05,10,-2.0476190476190474,-20.476190476190474,40.0,49.38382078625981,-9.383820786259811
2026-07-10,924,204,E_outcome+price,0.1,20,-0.2928571428571427,-1.4642857142857135,50.0,50.77345757223806,-0.7734575722380583
2026-07-10,924,204,E_outcome+price,0.2,41,-0.07610577827969078,-0.18562384946266045,51.21951219512195,50.83996509554206,0.37954709957988797
2026-07-10,924,204,E_outcome+price,0.3,61,-0.9811128381254597,-1.608381701845016,50.81967213114754,51.35188650152179,-0.5322143703742483
2026-07-10,924,204,E_outcome+price,0.5,102,5.750833990219539,5.638072539430921,55.88235294117647,52.42171646446236,3.4606364767141145
2026-07-10,924,204,F_payout_weighted,0.05,10,-3.8476190476190473,-38.476190476190474,30.0,47.16599030755977,-17.165990307559767
2026-07-10,924,204,F_payout_weighted,0.1,20,0.007142857142856673,0.03571428571428337,50.0,49.36872703707274,0.6312729629272624
2026-07-10,924,204,F_payout_weighted,0.2,41,-1.4951533973273103,-3.6467156032373422,48.78048780487805,50.0073794484796,-1.2268916436015473
2026-07-10,924,204,F_payout_weighted,0.3,61,-3.8146339168078303,-6.253498224275132,47.540983606557376,50.22082179861898,-2.6798381920616023
2026-07-10,924,204,F_payout_weighted,0.5,102,-1.1731135909957793,-1.1501113637213523,50.98039215686274,51.136808161348256,-0.1564160044855143
2026-07-10,924,204,G_ridge_PROFIT,0.05,10,-2.447619047619048,-24.476190476190478,40.0,52.25829725829726,-12.258297258297262
2026-07-10,924,204,G_ridge_PROFIT,0.1,20,-0.4595238095238092,-2.297619047619046,50.0,51.000730299510785,-1.000730299510785
2026-07-10,924,204,G_ridge_PROFIT,0.2,41,-1.0282989853116073,-2.5080463056380666,51.21951219512195,51.754590368057265,-0.5350781729353145
2026-07-10,924,204,G_ridge_PROFIT,0.3,61,-1.2477795047921267,-2.0455401717903716,50.81967213114754,51.46543415605306,-0.6457620249055154
2026-07-10,924,204,G_ridge_PROFIT,0.5,102,7.501351588563226,7.354266263297281,56.86274509803921,52.49880733709706,4.36393776094215
2026-07-10,924,204,H_ridge_PROFIT+price,0.05,10,-0.49523809523809526,-4.9523809523809526,50.0,51.925703023264006,-1.9257030232640062
2026-07-10,924,204,H_ridge_PROFIT+price,0.1,20,-0.35952380952380913,-1.797619047619046,50.0,50.88168268046316,-0.8816826804631575
2026-07-10,924,204,H_ridge_PROFIT+price,0.2,41,0.9240819670693448,2.2538584562666943,53.65853658536586,51.699252321766984,1.9592842635988745
2026-07-10,924,204,H_ridge_PROFIT+price,0.3,61,-1.247779504792128,-2.045540171790374,50.81967213114754,51.46543415605305,-0.6457620249055083
2026-07-10,924,204,H_ridge_PROFIT+price,0.5,102,7.461825896863618,7.31551558516041,56.86274509803921,52.509664393097765,4.353080704941448
2026-07-10,924,204,I_gbm_PROFIT,0.05,10,-2.4454064454064457,-24.454064454064454,40.0,53.777230543548995,-13.777230543548995
2026-07-10,924,204,I_gbm_PROFIT,0.1,20,-0.48774598991990337,-2.438729949599517,50.0,52.28370595008699,-2.28370595008699
2026-07-10,924,204,I_gbm_PROFIT,0.2,41,3.155195850848025,7.695599636214695,56.09756097560976,52.51414118527722,3.5834197903325418
2026-07-10,924,204,I_gbm_PROFIT,0.3,61,3.769672608312159,6.179791161167474,55.73770491803278,52.60568013477766,3.132024783255126
2026-07-10,924,204,I_gbm_PROFIT,0.5,102,7.507843215216141,7.36063060315308,56.86274509803921,53.04894094303242,3.8138041550067925
2026-07-10,924,204,J_gbm_PROFIT+price,0.05,10,-0.08731308948700267,-0.8731308948700268,50.0,52.869944943176016,-2.869944943176016
2026-07-10,924,204,J_gbm_PROFIT+price,0.1,20,-2.321079323253236,-11.60539661626618,45.0,52.44243610881715,-7.442436108817148
2026-07-10,924,204,J_gbm_PROFIT+price,0.2,41,1.1503492481753355,2.8057298735983793,53.65853658536586,52.36398708705428,1.2945494983115822
2026-07-10,924,204,J_gbm_PROFIT+price,0.3,61,3.4104133490529005,5.5908415558244275,55.73770491803278,52.47029318249594,3.2674117355368395
2026-07-10,924,204,J_gbm_PROFIT+price,0.5,102,6.057924615297542,5.939141779703473,55.88235294117647,52.69279838618698,3.189554554989492
2026-07-10,924,204,K_PROFIT+price+pmodel,0.05,10,-0.34285714285714297,-3.4285714285714293,50.0,51.49209868722065,-1.492098687220647
2026-07-10,924,204,K_PROFIT+price+pmodel,0.1,20,-0.35952380952380913,-1.797619047619046,50.0,50.88168268046316,-0.8816826804631575
2026-07-10,924,204,K_PROFIT+price+pmodel,0.2,41,0.9240819670693445,2.253858456266694,53.65853658536586,51.699252321766984,1.9592842635988745
2026-07-10,924,204,K_PROFIT+price+pmodel,0.3,61,-1.2477795047921274,-2.045540171790373,50.81967213114754,51.46543415605306,-0.6457620249055154
2026-07-10,924,204,K_PROFIT+price+pmodel,0.5,102,7.461825896863621,7.315515585160412,56.86274509803921,52.509664393097765,4.353080704941448
2026-07-15,970,158,A_shipped_p,0.05,8,0.8527472527472528,10.65934065934066,62.5,57.39432367149758,5.105676328502419
2026-07-15,970,158,A_shipped_p,0.1,16,3.4287841191067003,21.429900744416877,68.75,56.570230778773144,12.179769221226856
2026-07-15,970,158,A_shipped_p,0.2,32,-1.409311118988538,-4.404097246839181,53.125,55.99526056094528,-2.870260560945283
2026-07-15,970,158,A_shipped_p,0.3,47,-3.757644839402347,-7.9949890200049945,51.06382978723404,55.47466788161374,-4.410838094379699
2026-07-15,970,158,A_shipped_p,0.5,79,-9.376258512363847,-11.868681661220059,48.10126582278481,54.44346646524174,-6.34220064245693
2026-07-15,970,158,B_shipped_EV,0.05,8,-0.2664835164835164,-3.3310439560439553,50.0,51.69181877095451,-1.6918187709545123
2026-07-15,970,158,B_shipped_EV,0.1,16,1.2575091575091577,7.859432234432235,56.25,52.27401266107523,3.9759873389247673
2026-07-15,970,158,B_shipped_EV,0.2,32,-3.525824175824176,-11.018200549450551,46.875,52.485215053619946,-5.610215053619946
2026-07-15,970,158,B_shipped_EV,0.3,47,-10.859157509157509,-23.104590445015976,40.42553191489361,52.89382197700184,-12.468290062108231
2026-07-15,970,158,B_shipped_EV,0.5,79,-9.338351019617642,-11.820697493186888,46.835443037974684,52.90809844015726,-6.072655402182576
2026-07-15,970,158,C_bookEV,0.05,8,-0.2619047619047621,-3.273809523809526,50.0,51.14016597030534,-1.1401659703053397
2026-07-15,970,158,C_bookEV,0.1,16,-0.5822510822510822,-3.639069264069264,50.0,51.7571828960189,-1.7571828960188967
2026-07-15,970,158,C_bookEV,0.2,32,-1.7859777903256158,-5.58118059476755,50.0,51.58357706428216,-1.58357706428216
2026-07-15,970,158,C_bookEV,0.3,47,1.354762950415125,2.8824743625853726,53.191489361702125,51.10964784961626,2.081841512085866
2026-07-15,970,158,C_bookEV,0.5,79,0.11460579574184049,0.14507062752131708,51.89873417721519,51.343022687008755,0.5557114902064342
2026-07-15,970,158,D_refit_outcome,0.05,8,0.15238095238095228,1.9047619047619035,50.0,46.88048967940273,3.1195103205972714
2026-07-15,970,158,D_refit_outcome,0.1,16,-0.09285714285714342,-0.5803571428571463,50.0,49.92790013833227,0.07209986166773064
2026-07-15,970,158,D_refit_outcome,0.2,32,-4.680867683041596,-14.627711509504987,43.75,50.436533297527866,-6.686533297527866
2026-07-15,970,158,D_refit_outcome,0.3,47,1.6264629194502973,3.460559403085739,53.191489361702125,50.80554886732336,2.385940494378765
2026-07-15,970,158,D_refit_outcome,0.5,79,1.1409396769144333,1.444227439132194,53.16455696202531,51.73771697874682,1.4268399832784908
2026-07-15,970,158,E_outcome+price,0.05,8,-2.095238095238095,-26.190476190476186,37.5,51.01823989019111,-13.518239890191111
2026-07-15,970,158,E_outcome+price,0.1,16,1.7547619047619047,10.967261904761905,56.25,50.606511544011546,5.643488455988454
2026-07-15,970,158,E_outcome+price,0.2,32,-1.1067936089675223,-3.458730028023507,50.0,51.05930739104664,-1.0593073910466373
2026-07-15,970,158,E_outcome+price,0.3,47,-1.0001604571730802,-2.1280009727086813,51.06382978723404,51.559916925375084,-0.49608713814104277
2026-07-15,970,158,E_outcome+price,0.5,79,0.5025410191004817,0.6361278722790906,53.16455696202531,52.23056189439554,0.9339950676297661
2026-07-15,970,158,F_payout_weighted,0.05,8,-1.8476190476190477,-23.095238095238095,37.5,46.3123078612209,-8.812307861220901
2026-07-15,970,158,F_payout_weighted,0.1,16,-1.845238095238095,-11.532738095238093,43.75,48.86005707353798,-5.11005707353798
2026-07-15,970,158,F_payout_weighted,0.2,32,-2.3142010163749296,-7.231878176171655,46.875,49.69401832244008,-2.8190183224400798
2026-07-15,970,158,F_payout_weighted,0.3,47,-0.10960746178137426,-0.23320736549228566,51.06382978723404,50.39553204934475,0.66829773788929
2026-07-15,970,158,F_payout_weighted,0.5,79,-1.2442786578130192,-1.5750362757126823,50.63291139240506,50.76003074635883,-0.12711935395376628
2026-07-15,970,158,G_ridge_PROFIT,0.05,8,-2.447619047619048,-30.5952380952381,37.5,52.25468975468976,-14.754689754689757
2026-07-15,970,158,G_ridge_PROFIT,0.1,16,1.295502645502646,8.096891534391537,56.25,52.02567084216021,4.22432915783979
2026-07-15,970,158,G_ridge_PROFIT,0.2,32,-1.5806799376925604,-4.9396248052892515,50.0,51.51468840708942,-1.514688407089423
2026-07-15,970,158,G_ridge_PROFIT,0.3,47,0.6450008331495005,1.3723421981904265,53.191489361702125,51.76342334091483,1.4280660207872984
2026-07-15,970,158,G_ridge_PROFIT,0.5,79,4.269725284110835,5.404715549507386,55.69620253164557,52.3999286160286,3.2962739156169647
2026-07-15,970,158,H_ridge_PROFIT+price,0.05,8,-2.2476190476190476,-28.095238095238095,37.5,51.560245310245314,-14.060245310245314
2026-07-15,970,158,H_ridge_PROFIT+price,0.1,16,3.2478835978835976,20.299272486772484,62.5,51.953080830545794,10.546919169454206
2026-07-15,970,158,H_ridge_PROFIT+price,0.2,32,-1.58067993769256,-4.93962480528925,50.0,51.514688407089416,-1.514688407089416
2026-07-15,970,158,H_ridge_PROFIT+price,0.3,47,0.6450008331495019,1.3723421981904296,53.191489361702125,51.76342334091483,1.4280660207872984
2026-07-15,970,158,H_ridge_PROFIT+price,0.5,79,4.269725284110833,5.404715549507384,55.69620253164557,52.3999286160286,3.2962739156169647
2026-07-15,970,158,I_gbm_PROFIT,0.05,8,-1.997101449275362,-24.963768115942024,37.5,51.47869347818792,-13.978693478187921
2026-07-15,970,158,I_gbm_PROFIT,0.1,16,-0.3765386787125915,-2.353366741953697,50.0,52.4148590188863,-2.414859018886297
2026-07-15,970,158,I_gbm_PROFIT,0.2,32,-1.3199055269181499,-4.124704771619219,50.0,52.38691251695889,-2.386912516958887
2026-07-15,970,158,I_gbm_PROFIT,0.3,47,6.240165421301467,13.276947704896738,59.57446808510638,52.55146216160944,7.023005923496939
2026-07-15,970,158,I_gbm_PROFIT,0.5,79,-3.204928393207641,-4.05687138380714,50.63291139240506,52.97805535181721,-2.345143959412148
2026-07-15,970,158,J_gbm_PROFIT+price,0.05,8,-0.21896292113683424,-2.737036514210428,50.0,52.83856549023385,-2.8385654902338473
2026-07-15,970,158,J_gbm_PROFIT+price,0.1,16,3.387670230657608,21.17293894161005,62.5,52.75397666156649,9.74602333843351
2026-07-15,970,158,J_gbm_PROFIT+price,0.2,32,2.909098802086179,9.09093375651931,56.25,51.93957657038513,4.310423429614872
2026-07-15,970,158,J_gbm_PROFIT+price,0.3,47,5.241178216924215,11.151443014732372,57.446808510638306,52.01586975771949,5.430938752918813
2026-07-15,970,158,J_gbm_PROFIT+price,0.5,79,-2.8508639391431867,-3.608688530560996,50.63291139240506,52.681816353563285,-2.0489049611582217
2026-07-15,970,158,K_PROFIT+price+pmodel,0.05,8,-2.0952380952380953,-26.190476190476193,37.5,51.01823989019111,-13.518239890191111
2026-07-15,970,158,K_PROFIT+price+pmodel,0.1,16,1.2955026455026455,8.096891534391535,56.25,52.02567084216021,4.22432915783979
2026-07-15,970,158,K_PROFIT+price+pmodel,0.2,32,0.41932006230743957,1.3103751947107487,53.125,51.656733861634876,1.4682661383651237
2026-07-15,970,158,K_PROFIT+price+pmodel,0.3,47,0.30928654743521555,0.6580564839047139,53.191489361702125,51.99262244141647,1.1988669202856528
2026-07-15,970,158,K_PROFIT+price+pmodel,0.5,79,4.269725284110834,5.404715549507384,55.69620253164557,52.301938092920274,3.394264438725294
